date,tna,tsa,amm,amo,nao,nao_20cr,nino12,nino3,nino34,nino4,soi,atl_dipole
1961-01-01,-0.0400,-0.0000,-0.1600,0.0510,0.4100,1.1350,-0.0800,-0.5500,-0.3100,-0.3500,-0.4000,-0.0400
1961-02-01,-0.0700,-0.1200,-0.3300,0.0710,0.4500,2.6100,0.4500,-0.2100,-0.1900,-0.4100,1.5000,0.0500
1961-03-01,0.0200,-0.0200,0.4100,0.1390,0.5500,1.6640,-0.7300,-0.3900,-0.3500,-0.5300,-3.0000,0.0400
1961-04-01,0.1700,-0.1000,1.7900,0.2170,-1.5500,0.5100,-0.7800,-0.2700,-0.4600,-0.7200,1.3000,0.2700
1961-05-01,0.2100,0.0300,2.1100,0.1840,-0.3600,-0.8700,-0.9200,-0.2700,-0.1800,-0.6400,0.5000,0.1800
1961-06-01,-0.0400,-0.1000,0.7400,0.0230,0.8600,3.1140,-0.9800,-0.3200,-0.0600,-0.5100,0.2000,0.0600
1961-07-01,0.0000,-0.2100,1.1500,-0.0290,-0.3900,-0.0280,-1.5300,-0.9700,-0.4100,-0.7100,0.4000,0.2100
1961-08-01,0.0900,-0.1900,1.2700,0.0260,0.9000,1.3340,-1.1400,-1.0300,-0.6700,-0.8700,0.2000,0.2800
1961-09-01,-0.0500,0.0300,0.1800,-0.0070,1.2400,1.7200,-1.1400,-1.3800,-0.9400,-0.7000,0.1000,-0.0800
1961-10-01,-0.1300,-0.0200,-0.5400,0.0190,0.5100,1.5580,-1.0500,-1.2900,-1.0100,-0.9300,-0.5000,-0.1100
1961-11-01,-0.0600,-0.0600,-0.2100,0.0570,-0.6200,-1.9670,-0.6700,-0.8200,-0.6300,-0.6100,0.9000,0.0000
1961-12-01,0.2700,-0.1200,1.5100,0.2030,-1.4800,-3.0020,-0.8800,-0.6400,-0.6300,-0.5400,2.5000,0.3900
1962-01-01,0.2200,-0.0800,1.9600,0.1390,0.6100,1.6830,-0.7400,-0.5700,-0.5900,-0.6600,3.3000,0.3000
1962-02-01,0.1200,-0.1600,1.9600,0.1420,0.5500,0.3090,-0.7300,-0.4400,-0.5700,-0.6600,-0.5000,0.2800
1962-03-01,0.4100,-0.1100,3.2600,0.1550,-2.4700,-4.1220,-2.1300,-0.7400,-0.4800,-0.5600,0.2000,0.5200
1962-04-01,0.2600,-0.0100,3.1500,0.0770,0.9900,0.7890,-2.3800,-1.1200,-0.6900,-0.5900,0.3000,0.2700
1962-05-01,0.3600,0.1800,2.8200,0.0130,-0.1000,1.0870,-1.5100,-1.0800,-0.8900,-0.8000,1.8000,0.1800
1962-06-01,0.0600,0.0800,1.3000,-0.0810,0.1600,1.2250,-1.3500,-0.9500,-0.6500,-0.5900,1.2000,-0.0200
1962-07-01,0.2600,-0.0800,2.4400,-0.0180,-2.4700,-0.5360,-1.3200,-0.7600,-0.5300,-0.7700,0.1000,0.3400
1962-08-01,0.1900,-0.0300,1.5600,-0.0730,0.1400,1.9300,-0.7700,-0.4700,-0.5300,-0.8100,1.0000,0.2200
1962-09-01,0.0900,-0.0800,0.9800,-0.0060,-0.3700,0.2680,-0.7400,-0.7900,-0.7800,-0.8500,0.7000,0.1700
1962-10-01,0.0800,0.0300,0.4100,0.0550,0.4100,-0.4030,-1.1700,-0.8400,-0.7500,-0.8200,1.6000,0.0500
1962-11-01,0.3000,0.0100,1.4200,0.0360,-0.2300,-1.5870,-0.8700,-1.1200,-0.9500,-0.8000,0.5000,0.2900
1962-12-01,0.5100,-0.1900,2.9100,0.1800,-1.3200,-0.8240,-1.0900,-1.1500,-0.9300,-0.8000,0.3000,0.7000
1963-01-01,0.5600,-0.0500,3.1500,0.1470,-2.1200,-5.6280,-0.8500,-0.8100,-0.7800,-0.8600,1.7000,0.6100
1963-02-01,0.5100,0.0100,3.0700,0.1550,-0.9600,-1.9380,-0.8200,-0.6100,-0.5300,-0.7200,0.9000,0.5000
1963-03-01,0.3400,0.2700,1.4200,0.1230,-0.4300,2.9510,-0.7600,-0.3000,-0.1000,-0.3500,1.9000,0.0700
1963-04-01,0.4200,0.2100,1.7600,0.0930,-1.3500,-0.6180,-1.2100,-0.1600,-0.0300,-0.3400,1.3000,0.2100
1963-05-01,0.1400,0.4200,-0.2100,-0.0950,2.1600,4.1270,-0.5700,-0.2800,-0.3000,-0.5100,0.6000,-0.2800
1963-06-01,0.1100,0.4500,-1.1200,-0.0580,-0.4300,-1.4970,-0.8700,-0.0400,-0.1100,-0.6500,-0.8000,-0.3400
1963-07-01,0.1700,0.4300,-1.1400,-0.0460,-0.7700,0.3680,-0.3400,0.4400,0.4900,-0.2800,-0.2000,-0.2600
1963-08-01,0.1300,0.4500,-2.0400,-0.0840,-0.6400,-0.0780,0.1500,0.5700,0.6200,0.0000,0.0000,-0.3200
1963-09-01,-0.0400,0.4100,-3.1900,-0.2130,1.7900,1.3840,0.0500,0.4600,0.6800,0.2400,-1.0000,-0.4500
1963-10-01,-0.0300,0.4500,-2.3400,-0.0820,0.9400,2.8850,-0.0500,0.4300,0.6400,0.2300,-2.0000,-0.4800
1963-11-01,0.1700,0.6900,-2.2100,-0.0680,-1.2700,-0.8990,-0.2200,0.5600,0.7700,0.0100,-1.4000,-0.5200
1963-12-01,0.0400,0.7700,-2.9600,-0.0710,-1.9200,-3.9460,-0.2900,0.7600,1.0200,0.0000,-2.0000,-0.7300
1964-01-01,0.0900,0.6500,-1.5900,-0.0860,-0.9500,-0.2370,-0.6500,0.3600,0.7900,0.0900,-0.6000,-0.5600
1964-02-01,0.2800,0.3100,0.2100,0.0100,-1.4300,-0.8570,-1.2900,-0.1000,0.3800,-0.1500,0.1000,-0.0300
1964-03-01,0.2900,0.3300,0.7400,0.0280,-1.2000,-0.7240,-1.4000,-0.4800,-0.2600,-0.6400,1.9000,-0.0400
1964-04-01,-0.1300,0.0600,0.1700,-0.1570,0.3600,1.0430,-1.3500,-1.3900,-0.8700,-0.6100,1.8000,-0.1900
1964-05-01,0.0800,-0.2200,1.5000,0.0300,0.5200,3.3680,-2.6700,-1.8300,-1.1200,-0.7100,0.4000,0.3000
1964-06-01,0.0700,-0.1400,1.3400,-0.0070,1.2900,-1.4810,-1.8800,-1.6200,-1.1400,-1.0300,1.2000,0.2100
1964-07-01,-0.0600,-0.2000,0.2500,-0.1550,1.9000,2.2730,-1.7700,-1.1100,-0.9600,-1.1100,0.9000,0.1400
1964-08-01,-0.2000,-0.2100,0.0900,-0.2450,-1.7700,-2.9350,-1.6700,-1.5700,-1.2600,-1.3700,2.5000,0.0100
1964-09-01,-0.2600,-0.6800,0.3400,-0.2310,0.2000,-0.3900,-1.2300,-1.1600,-1.4000,-1.7100,2.1000,0.4200
1964-10-01,-0.2500,-0.7900,0.2800,-0.2820,0.7400,1.3440,-1.4400,-1.2200,-1.3500,-1.6200,2.2000,0.5400
1964-11-01,-0.0900,-0.6300,0.9500,-0.1770,-0.0100,1.0280,-0.9700,-1.1800,-1.4400,-1.7400,0.3000,0.5400
1964-12-01,-0.1900,-0.7600,1.0800,-0.1320,-0.1500,-1.2240,-1.3300,-1.5000,-1.3700,-1.6000,-0.5000,0.5700
1965-01-01,-0.3600,-0.3900,-0.6200,-0.2100,-0.1200,-0.6240,-0.6900,-0.9600,-0.8900,-1.0900,-0.7000,0.0300
1965-02-01,-0.2500,-0.0800,-1.2600,-0.1880,-1.5500,-3.1570,-0.3200,-0.5400,-0.5600,-0.7600,0.7000,-0.1700
1965-03-01,-0.1300,0.1100,-1.0200,-0.0890,-1.5100,-0.1880,-0.0100,-0.2800,-0.3400,-0.7500,1.2000,-0.2400
1965-04-01,-0.1800,0.1000,-1.4000,-0.1080,0.7200,2.6270,1.3400,-0.1100,-0.4400,-0.9200,-0.9000,-0.2800
1965-05-01,-0.2100,0.1500,-1.8400,-0.1100,-0.6200,0.1860,1.5300,0.3000,0.0600,-0.4100,0.3000,-0.3600
1965-06-01,-0.2800,-0.1700,-2.2600,-0.1380,0.2900,1.8430,1.2300,0.4800,0.3600,-0.0900,-0.9000,-0.1100
1965-07-01,-0.2000,-0.3900,-1.5100,-0.1990,0.3200,-0.3340,1.0400,0.7000,0.6100,0.0100,-3.0000,0.1900
1965-08-01,-0.2000,-0.2100,-2.3500,-0.2210,0.4500,0.9790,1.3800,1.0100,1.1200,0.1200,-1.1000,0.0100
1965-09-01,-0.1200,-0.0300,-2.6600,-0.2330,0.3700,-0.8200,0.3800,1.0800,1.2900,0.1200,-2.2000,-0.0900
1965-10-01,-0.1000,-0.1700,-2.6400,-0.2590,0.3800,-1.7090,0.3200,1.1100,1.4500,0.5100,-1.5000,0.0700
1965-11-01,-0.0900,-0.3000,-2.3200,-0.2880,-1.6600,-2.0720,0.4300,1.2800,1.4200,0.4100,-2.4000,0.2100
1965-12-01,0.0100,-0.2500,-1.3500,-0.1350,1.3700,1.0130,0.3500,1.2300,1.3600,0.3300,0.3000,0.2600
1966-01-01,-0.0200,-0.1900,-0.3500,-0.0870,-1.7400,-2.0790,0.3700,1.0300,1.1200,0.3800,-2.2000,0.1700
1966-02-01,0.3700,-0.2800,2.1200,-0.0010,-1.3900,-1.4770,-0.6200,0.4900,0.8000,0.4400,-0.4000,0.6500
1966-03-01,0.4300,-0.3900,3.0100,-0.0210,0.5600,1.4610,-1.4700,-0.0200,0.9300,0.7600,-1.5000,0.8200
1966-04-01,0.5200,0.0800,3.3000,0.0320,-0.7500,0.3060,-1.5700,-0.2800,0.3500,0.1700,-0.3000,0.4400
1966-05-01,0.3600,0.1300,2.2600,-0.0100,0.2200,2.6400,-1.7200,-1.0500,-0.3800,-0.0600,-0.7000,0.2300
1966-06-01,0.2700,0.6200,0.8200,-0.0570,1.0500,1.7930,-1.5600,-0.7300,-0.0800,-0.0400,0.5000,-0.3500
1966-07-01,0.1500,0.2800,0.3900,-0.0670,0.3200,-1.0360,-1.2900,-0.5400,0.0400,0.0800,0.1000,-0.1300
1966-08-01,0.0300,-0.0600,0.3000,-0.0550,-1.7600,-1.2480,-1.1800,-0.7600,-0.3700,-0.2100,1.1000,0.0900
1966-09-01,0.0700,-0.0700,0.4500,-0.0120,-0.4500,-1.2510,-0.8900,-0.9000,-0.4400,-0.1900,-0.4000,0.1400
1966-10-01,0.1000,-0.0500,0.1100,0.0020,-0.6800,-2.5820,-0.5800,-0.7500,-0.5000,-0.0800,-0.2000,0.1500
1966-11-01,0.3500,0.2100,0.3300,-0.0090,-0.0400,0.0980,-0.9100,-0.9900,-0.4700,-0.0500,-0.0000,0.1400
1966-12-01,0.2400,0.6000,0.0900,0.0680,0.7200,1.7370,-0.6200,-1.1000,-0.5700,-0.3300,-0.6000,-0.3600
1967-01-01,0.2400,0.3000,0.8400,0.0700,-0.8900,-0.8730,-1.0400,-0.7300,-0.6700,-0.7200,2.8000,-0.0600
1967-02-01,-0.0000,0.3000,0.1000,0.0760,0.1900,0.9720,-0.5800,-0.5000,-0.6400,-0.7800,2.8000,-0.3000
1967-03-01,-0.1500,-0.0300,0.2000,-0.0460,1.5100,3.0240,-1.0400,-0.9000,-0.7800,-0.5000,2.0000,-0.1200
1967-04-01,0.0500,-0.2000,1.3000,-0.0270,0.1800,-1.0650,-0.7200,-1.2300,-1.0800,-0.1900,-0.1000,0.2500
1967-05-01,-0.1600,-0.3700,0.8400,-0.1990,-0.9900,0.0060,-0.8200,-0.6600,-0.5900,-0.1500,-0.0000,0.2100
1967-06-01,-0.2100,-0.6100,0.0100,-0.2730,1.4000,1.4250,-1.0600,-0.3800,-0.2600,-0.3900,1.1000,0.4000
1967-07-01,-0.2000,-0.6200,0.4300,-0.2420,0.4100,0.5950,-1.1000,-0.6900,-0.3300,-0.3800,0.3000,0.4200
1967-08-01,-0.3000,-0.4000,0.0800,-0.1770,1.4400,-0.0700,-1.5000,-0.9900,-0.4200,-0.4700,1.2000,0.1000
1967-09-01,-0.1400,-0.3500,0.1800,-0.1090,0.9300,0.1060,-1.8100,-1.3900,-0.8600,-0.5600,0.8000,0.2100
1967-10-01,-0.1400,-0.6100,-0.4300,-0.1120,0.0700,1.5340,-1.7300,-1.3600,-0.7400,-0.4300,0.1000,0.4700
1967-11-01,-0.3300,-0.4000,-1.8200,-0.2460,0.6000,-1.0750,-1.7700,-1.2100,-0.6200,-0.3600,-0.7000,0.0700
1967-12-01,-0.2300,-0.1300,-2.1700,-0.1650,-0.4500,-0.6640,-1.8400,-1.2400,-0.6500,-0.3900,-0.9000,-0.1000
1968-01-01,-0.3000,-0.0300,-0.9900,-0.2590,0.1300,0.9060,-1.6200,-1.4000,-0.8500,-0.4600,0.9000,-0.2700
1968-02-01,-0.1100,-0.2400,0.6800,-0.2100,-1.2900,-2.2180,-1.4100,-1.5700,-1.0700,-0.4700,2.1000,0.1300
1968-03-01,-0.0600,-0.2600,0.6700,-0.2210,0.4000,0.6000,-1.5800,-1.4400,-0.9500,-0.5700,0.2000,0.2000
1968-04-01,-0.1100,-0.0100,-0.0700,-0.1680,-1.0800,-1.1930,-1.7700,-1.0900,-0.7200,-0.4600,0.0000,-0.1000
1968-05-01,-0.0900,-0.0100,-0.1400,-0.1360,-1.7600,-1.5740,-2.0300,-1.2100,-0.7500,-0.6000,2.1000,-0.0800
1968-06-01,-0.2500,0.0800,-1.4500,-0.2750,0.3300,0.4240,-1.6100,-0.4300,0.1500,-0.0900,1.8000,-0.3300
1968-07-01,-0.1900,0.2400,-1.7900,-0.2420,-0.8000,-2.8170,-0.8100,0.0700,0.2800,-0.3400,1.1000,-0.4300
1968-08-01,-0.1400,0.2000,-1.9000,-0.2260,-0.6600,-1.8780,-0.2600,0.0300,0.1600,-0.2100,0.4000,-0.3400
1968-09-01,-0.0700,0.2900,-1.6200,-0.1620,-1.9200,0.7730,0.3300,-0.0900,0.0100,-0.1900,-0.4000,-0.3600
1968-10-01,0.0900,0.4400,-1.4400,-0.1260,-2.3000,-0.5150,-0.1400,-0.0200,0.0400,-0.0700,-0.1000,-0.3500
1968-11-01,0.1700,0.4900,-1.1300,-0.1200,-0.9300,-2.4150,-0.0900,0.0500,0.5000,0.4000,-0.6000,-0.3200
1968-12-01,0.2800,0.5000,-0.6800,-0.1390,-1.4000,-2.1880,0.1600,0.4000,0.6700,0.6300,0.3000,-0.2200
1969-01-01,0.4300,0.3200,1.1100,-0.0750,-0.8300,-2.5300,-0.2000,0.4500,0.9500,0.9200,-2.4000,0.1100
1969-02-01,0.7400,0.5300,2.8600,0.0920,-1.5500,-3.5610,-0.7500,0.3200,1.1100,1.0800,-0.9000,0.2100
1969-03-01,1.1300,0.3800,5.1900,0.1940,-1.5600,-2.1450,0.3400,0.2100,0.5400,0.6300,0.7000,0.7500
1969-04-01,0.8400,0.3500,3.8300,0.1360,1.5300,1.2360,0.8800,0.1800,0.3100,0.4000,-0.6000,0.4900
1969-05-01,0.7300,0.2000,3.1700,-0.0020,0.5500,-0.9180,1.3100,0.4600,0.3500,0.3300,-0.4000,0.5300
1969-06-01,0.3700,-0.0500,1.8900,0.0160,0.5500,-0.6040,0.9700,0.2300,-0.0400,-0.0400,0.3000,0.4200
1969-07-01,0.3900,-0.1500,1.6100,0.0810,0.5700,2.1030,0.2800,-0.0900,-0.2100,-0.1700,-0.8000,0.5400
1969-08-01,0.3400,0.0100,0.5400,-0.1140,-1.4500,-0.8500,-0.1300,0.2400,0.1600,0.1300,-0.2000,0.3300
1969-09-01,0.2700,-0.0900,-0.2600,-0.1200,2.0700,0.6630,0.0200,0.4600,0.4300,0.4000,-1.6000,0.3600
1969-10-01,0.1700,-0.0600,-0.5200,-0.1980,0.6600,0.7860,0.6000,0.5400,0.6200,0.5600,-1.5000,0.2300
1969-11-01,0.3400,-0.0700,0.5200,-0.1370,-0.9600,-0.8670,0.5700,0.5100,0.4000,0.4900,-0.1000,0.4100
1969-12-01,0.4400,-0.1900,1.8800,-0.0440,-0.2800,-0.1210,0.5900,0.6400,0.3800,0.3900,0.7000,0.6300
1970-01-01,0.6400,-0.3400,3.8100,-0.0230,-1.5000,-2.5160,0.3900,0.4200,0.2800,0.2100,-1.9000,0.9800
1970-02-01,0.6400,-0.2600,4.2000,-0.0610,0.6400,0.8660,-0.3800,0.0000,0.2000,0.2900,-1.7000,0.9000
1970-03-01,0.8300,-0.2000,5.3300,0.0060,-0.9600,-1.1670,-1.2500,-0.3800,-0.1400,0.0100,1.0000,1.0300
1970-04-01,0.6800,-0.2800,4.1200,0.0070,-1.3000,2.5040,-0.9800,-0.5400,-0.0800,-0.0500,-0.1000,0.9600
1970-05-01,0.5100,-0.1900,3.5800,-0.0590,1.1400,1.1360,-1.7900,-0.9800,-0.3000,-0.0900,0.6000,0.7000
1970-06-01,0.2400,-0.3300,2.4800,-0.1950,1.5500,-0.3430,-2.0000,-1.4600,-0.6900,-0.3500,1.6000,0.5700
1970-07-01,-0.0300,-0.1100,1.2000,-0.2130,0.1000,-0.1630,-2.5100,-1.9300,-1.0800,-0.4600,-0.6000,0.0800
1970-08-01,-0.0700,-0.2400,0.8600,-0.1530,0.1000,-0.4310,-1.8500,-1.7400,-1.2600,-0.9000,1.0000,0.1700
1970-09-01,-0.1200,-0.2200,-0.0200,-0.1510,-0.0900,-0.2050,-1.4300,-1.2700,-1.0700,-1.1100,1.9000,0.1000
1970-10-01,-0.0600,-0.3900,0.3100,-0.2090,-0.9200,-0.0770,-1.1400,-1.2700,-1.1200,-1.1700,1.7000,0.3300
1970-11-01,-0.0200,-0.2000,0.5100,-0.2530,-0.6000,-0.3330,-1.1700,-1.4800,-1.1300,-1.1300,2.6000,0.1800
1970-12-01,0.0300,-0.3400,0.9700,-0.2220,-1.2000,-2.3570,-1.1500,-1.3200,-1.3300,-1.5000,3.2000,0.3700
1971-01-01,0.1000,-0.0100,0.7300,-0.2590,-1.1300,-1.0620,-1.4400,-1.5800,-1.7300,-1.6700,0.6000,0.1100
1971-02-01,-0.0300,0.0200,-0.1700,-0.3050,0.2400,0.8420,-1.6800,-1.5700,-1.5700,-1.3800,3.3000,-0.0500
1971-03-01,-0.1800,-0.0600,-1.0000,-0.3230,-0.8400,-0.9890,-1.4500,-1.3000,-1.3600,-1.3100,3.8000,-0.1200
1971-04-01,-0.3400,0.0900,-2.6100,-0.4260,-0.2400,-3.2260,-0.6600,-1.0400,-1.1800,-1.1700,2.8000,-0.4300
1971-05-01,-0.4600,0.2500,-3.5600,-0.3390,0.5000,0.8050,-1.2400,-1.1200,-0.9800,-1.0700,1.4000,-0.7100
1971-06-01,-0.6200,0.1700,-3.8000,-0.3760,-1.5700,-1.0590,-1.5400,-1.2400,-1.1300,-1.1400,0.7000,-0.7900
1971-07-01,-0.4500,-0.2300,-1.9600,-0.3620,0.2400,-1.3620,-1.0300,-1.1200,-1.1700,-1.2000,0.4000,-0.2200
1971-08-01,-0.4600,-0.2000,-2.4700,-0.4480,1.5500,1.2910,-1.2300,-1.3300,-1.1000,-1.2500,2.5000,-0.2600
1971-09-01,-0.2900,-0.1600,-1.5600,-0.3790,0.3900,-0.4580,-1.2200,-1.0400,-1.0000,-1.4600,2.3000,-0.1300
1971-10-01,-0.1800,-0.3800,-0.2600,-0.2480,0.5800,1.7160,-1.2900,-1.3300,-1.2400,-1.3200,2.8000,0.2000
1971-11-01,-0.1300,-0.6800,0.7300,-0.2560,-0.2000,-0.4160,-0.7600,-1.3100,-1.1500,-0.9800,0.9000,0.5500
1971-12-01,-0.3100,-0.7900,-0.4400,-0.3210,0.6000,0.6840,-0.9900,-1.4800,-1.2300,-0.6800,0.4000,0.4800
1972-01-01,-0.2700,-0.0800,-1.6300,-0.3310,0.2700,-0.5020,-0.3800,-0.7300,-0.9200,-0.6900,0.8000,-0.1900
1972-02-01,-0.3800,-0.0600,-2.1500,-0.3930,0.3200,-0.4740,0.4500,-0.5200,-0.4500,-0.3100,1.8000,-0.3200
1972-03-01,-0.5000,-0.1800,-3.1200,-0.4520,0.7200,0.6410,0.5800,-0.2900,-0.1900,-0.1600,1.1000,-0.3200
1972-04-01,-0.3100,0.0300,-3.0400,-0.3390,-0.2200,1.1840,0.6400,0.0000,0.0700,0.1100,-0.2000,-0.3400
1972-05-01,-0.4600,-0.0300,-3.3200,-0.4820,0.9500,2.6570,0.7100,0.2100,0.3800,0.1100,-2.6000,-0.4300
1972-06-01,-0.3500,0.0900,-4.3100,-0.5010,0.8800,2.7780,1.7800,0.6100,0.4500,0.1000,-0.9000,-0.4400
1972-07-01,-0.4000,0.2500,-4.7700,-0.3880,0.1800,0.2250,2.0300,1.2000,0.8500,0.1300,-2.4000,-0.6500
1972-08-01,-0.4400,0.2600,-4.9100,-0.3960,1.3200,-0.5690,2.3700,1.6300,1.0900,-0.0400,-0.8000,-0.7000
1972-09-01,-0.3300,0.2300,-4.7500,-0.3160,-0.1200,-4.1120,1.2300,1.4300,1.2300,0.1100,-2.2000,-0.5600
1972-10-01,-0.0800,0.2900,-4.5000,-0.2990,1.0900,-1.4940,1.3900,1.7400,1.5400,0.4000,-1.5000,-0.3700
1972-11-01,-0.0900,0.4400,-4.9300,-0.2900,0.5400,1.1230,1.3800,1.9900,1.9000,0.5300,-0.6000,-0.5300
1972-12-01,-0.3700,0.8900,-6.8200,-0.3640,0.1900,1.9640,2.0100,2.2500,2.0900,0.6700,-2.1000,-1.2600
1973-01-01,-0.3100,0.8000,-6.5300,-0.3870,0.0400,1.1020,1.2600,1.7800,1.8000,0.6700,-0.5000,-1.1100
1973-02-01,-0.3000,0.7200,-5.6900,-0.4060,0.8500,1.4140,0.1600,0.7900,1.2000,0.4000,-2.3000,-1.0200
1973-03-01,-0.3200,0.5900,-4.9700,-0.3570,0.3000,1.7200,-0.5800,0.0900,0.2700,0.0100,1.2000,-0.9100
1973-04-01,-0.1900,0.7600,-3.6200,-0.2770,-0.5400,-1.9450,-1.1100,-0.8300,-0.5800,-0.3700,0.1000,-0.9500
1973-05-01,0.0400,0.9300,-2.5400,-0.1820,-0.4400,-0.3110,-1.3700,-1.3200,-0.9700,-0.4300,0.7000,-0.8900
1973-06-01,-0.0700,0.7500,-2.4700,-0.1880,0.3900,1.1800,-1.6100,-1.4100,-1.1800,-0.8200,1.8000,-0.8200
1973-07-01,-0.0500,0.6700,-2.1500,-0.1170,0.5700,-0.9980,-1.2300,-1.6600,-1.5400,-1.0500,1.0000,-0.7200
1973-08-01,-0.1600,0.5800,-2.0600,-0.1460,-0.0600,1.1040,-1.6200,-1.6200,-1.6300,-1.3500,2.1000,-0.7400
1973-09-01,-0.1600,0.7500,-2.0200,-0.1440,-0.3000,0.5950,-1.3100,-1.5200,-1.6600,-1.4900,2.0000,-0.9100
1973-10-01,-0.2600,0.6700,-2.4000,-0.2290,-1.2400,-0.4620,-1.0800,-1.6900,-1.9800,-1.6500,1.3000,-0.9300
1973-11-01,-0.2300,0.5400,-1.9100,-0.2220,-0.9300,-0.2820,-1.1200,-1.8200,-2.3700,-1.9200,4.3000,-0.7700
1973-12-01,-0.1000,0.4000,-1.1700,-0.2510,0.3200,-1.1320,-1.1400,-1.8500,-2.2600,-2.0400,3.0000,-0.5000
1974-01-01,-0.2800,0.3400,-1.4900,-0.2890,1.3400,3.4670,-1.3500,-1.8000,-2.0900,-2.0200,4.0000,-0.6200
1974-02-01,-0.5100,0.1400,-2.9100,-0.2960,-0.1400,0.7160,-1.3800,-1.3400,-1.6600,-1.4800,3.4000,-0.6500
1974-03-01,-0.7300,0.1500,-4.8100,-0.4140,-0.0300,-0.0760,-0.8400,-0.9600,-1.4500,-1.1500,4.0000,-0.8800
1974-04-01,-1.0900,0.3600,-6.3100,-0.5360,0.5100,-1.5440,-0.3900,-0.8100,-1.3600,-1.2000,1.6000,-1.4500
1974-05-01,-0.8900,0.4900,-6.2200,-0.5130,-0.2400,0.9550,-0.2000,-0.8900,-1.2900,-1.1400,1.6000,-1.3800
1974-06-01,-0.6100,0.4300,-4.9000,-0.4600,-0.1400,-0.1650,-0.7800,-0.8400,-1.2000,-1.0800,0.7000,-1.0400
1974-07-01,-0.5000,0.5800,-3.8900,-0.5280,-0.7600,1.0290,-0.5800,-0.5900,-0.9000,-1.1600,1.9000,-1.0800
1974-08-01,-0.3900,0.4200,-3.6600,-0.4810,-0.6400,0.9530,-0.4600,-0.4000,-0.5200,-0.8200,1.3000,-0.8100
1974-09-01,-0.5000,0.1400,-3.9000,-0.5190,0.8200,1.8610,-0.6300,-0.6300,-0.6400,-1.0500,1.8000,-0.6400
1974-10-01,-0.4600,0.1100,-3.4600,-0.5210,0.4900,0.6200,-1.2000,-1.0300,-0.9400,-1.2300,1.5000,-0.5700
1974-11-01,-0.5100,0.2500,-4.1200,-0.4390,-0.5400,1.4960,-1.0000,-1.1100,-1.0900,-1.1400,-0.2000,-0.7600
1974-12-01,-0.5100,0.1100,-3.9100,-0.3740,1.5000,2.8450,-1.4600,-1.0400,-0.9700,-1.1200,0.3000,-0.6200
1975-01-01,-0.2400,-0.1300,-2.1400,-0.2860,0.5800,2.0700,-1.1500,-0.5400,-0.4500,-0.7100,-0.8000,-0.1100
1975-02-01,-0.4100,-0.1900,-2.4000,-0.3510,-0.6200,-0.1370,-1.1800,-0.8500,-0.6800,-0.5500,1.3000,-0.2200
1975-03-01,-0.4900,-0.1500,-3.0100,-0.3220,-0.6100,-0.4610,-0.3300,-0.8700,-1.0900,-0.8600,2.6000,-0.3400
1975-04-01,-0.4500,-0.1100,-2.4200,-0.3580,-1.6000,0.1470,-0.0000,-0.5700,-0.9600,-0.9900,1.9000,-0.3400
1975-05-01,-0.7000,0.0400,-3.1600,-0.4010,-0.5200,-1.9070,-0.9600,-1.0900,-1.1300,-1.1500,1.1000,-0.7400
1975-06-01,-0.4000,0.1700,-2.9000,-0.3080,-0.8400,0.1070,-1.4300,-1.4000,-1.5000,-1.4300,2.1000,-0.5700
1975-07-01,-0.2800,0.0300,-1.1700,-0.2850,1.5500,0.7320,-0.9300,-1.1900,-1.3900,-1.5300,3.1000,-0.3100
1975-08-01,-0.1500,-0.0200,-0.5500,-0.1980,-0.2600,-0.0220,-0.9500,-1.0800,-1.5200,-1.7600,3.3000,-0.1300
1975-09-01,-0.2600,-0.2400,-1.1300,-0.3490,1.5600,2.1590,-1.5700,-1.4100,-1.6600,-2.0500,3.4000,-0.0200
1975-10-01,-0.3000,-0.1800,-1.3500,-0.3670,-0.5400,0.8000,-1.9700,-1.6100,-1.8300,-2.2100,2.8000,-0.1200
1975-11-01,-0.3900,-0.0300,-1.6700,-0.3540,0.4100,1.4670,-2.2500,-1.4400,-1.6600,-2.1100,1.9000,-0.3600
1975-12-01,-0.2600,-0.3400,-0.6200,-0.3350,0.0000,-1.5440,-1.8800,-1.8100,-1.9300,-2.1500,3.5000,0.0800
1976-01-01,-0.3000,-0.4100,-0.0200,-0.3980,-0.2500,0.4820,-1.1200,-1.9000,-2.0100,-1.7400,2.3000,0.1100
1976-02-01,-0.4800,-0.4000,-1.1000,-0.4540,0.9300,0.8980,-0.6400,-1.1000,-1.2600,-1.3000,2.8000,-0.0800
1976-03-01,-0.8100,-0.4800,-2.7400,-0.5070,0.7500,2.2930,-0.5300,-0.6700,-0.8200,-0.9800,2.9000,-0.3300
1976-04-01,-0.6600,-0.6700,-2.4300,-0.4390,0.2600,-0.9580,0.1700,-0.6600,-0.9300,-0.8200,0.5000,0.0100
1976-05-01,-0.7900,-0.7000,-2.8100,-0.5010,0.9600,2.7480,0.7000,-0.3400,-0.7400,-0.7700,0.6000,-0.0900
1976-06-01,-0.5900,-0.6000,-2.1200,-0.4970,0.8000,1.5140,1.3700,0.3300,-0.3800,-0.7600,0.4000,0.0100
1976-07-01,-0.3700,-0.6700,0.0200,-0.3200,-0.3200,-0.4980,1.6100,0.4300,-0.1600,-0.7200,-1.4000,0.3000
1976-08-01,0.0700,-0.4800,1.5600,-0.1980,1.9200,0.1040,1.2500,0.7600,0.1200,-0.6200,-1.3000,0.5500
1976-09-01,0.1400,-0.3200,1.4000,-0.2060,-1.2900,-2.8610,0.8300,0.8200,0.3000,-0.5000,-1.9000,0.4600
1976-10-01,0.1800,-0.3600,0.8200,-0.3060,-0.0800,0.2930,0.5100,0.9100,0.7500,-0.0300,0.7000,0.5400
1976-11-01,0.0400,-0.4500,-0.6600,-0.4290,0.1700,1.7580,0.4900,0.7800,0.7100,0.0900,1.2000,0.4900
1976-12-01,-0.3100,-0.2100,-2.1500,-0.4450,-1.6000,-3.7820,0.3900,0.6600,0.4900,-0.2500,-0.6000,-0.1000
1977-01-01,-0.1500,-0.1900,-1.9800,-0.4020,-1.0400,-2.4650,0.2300,0.8800,0.7800,-0.1000,-0.7000,0.0400
1977-02-01,-0.2200,-0.0000,-1.5700,-0.3460,-0.4900,-0.1390,-0.3800,0.5600,0.3700,-0.1500,2.0000,-0.2200
1977-03-01,-0.1100,0.0000,-0.8300,-0.1960,-0.8100,1.7530,-0.4600,0.2200,0.1900,-0.2300,-0.9000,-0.1100
1977-04-01,-0.0900,-0.0300,-0.3100,-0.2300,0.6500,1.5520,-0.5900,-0.6400,-0.3800,-0.2300,-0.7000,-0.0600
1977-05-01,-0.0700,-0.0500,-0.0800,-0.1830,-0.8600,-0.5600,-0.9200,-0.3800,-0.2100,-0.3500,-0.8000,-0.0200
1977-06-01,0.0500,-0.0900,0.0300,-0.1200,-0.5700,-0.6690,-0.6100,-0.1900,0.0100,-0.1700,-1.5000,0.1400
1977-07-01,-0.1400,-0.1400,-0.8500,-0.1190,-0.4500,-0.5650,-0.5000,-0.2300,0.0900,-0.0600,-1.9000,0.0000
1977-08-01,-0.2800,0.0100,-1.7300,-0.1580,-0.2800,-0.8030,-0.9000,-0.3800,-0.0100,-0.0800,-1.3000,-0.2900
1977-09-01,-0.2300,0.0300,-2.0200,-0.2450,0.3700,0.3000,-1.1100,-0.0300,0.4000,0.1900,-1.3000,-0.2600
1977-10-01,-0.2400,-0.0900,-2.4100,-0.2370,0.5200,0.5220,-0.4700,0.2700,0.6300,0.2800,-1.7000,-0.1500
1977-11-01,-0.2600,-0.0800,-2.4000,-0.1560,-0.0700,0.7010,-0.4700,0.1900,0.4800,0.3200,-2.1000,-0.1800
1977-12-01,-0.1500,-0.0700,-1.9500,-0.2180,-1.0000,-1.1270,-0.5500,0.2500,0.7000,0.4100,-1.7000,-0.0800
1978-01-01,0.1100,-0.1900,0.2300,-0.1190,0.6600,0.4800,-0.4100,0.1400,0.6200,0.4000,-0.5000,0.3000
1978-02-01,0.2000,-0.2900,2.0000,-0.1600,-2.2000,-2.2260,-0.4000,0.0000,0.2500,0.1900,-4.4000,0.4900
1978-03-01,0.2500,-0.4500,3.2000,-0.1710,0.7000,3.9290,-1.2100,-0.4600,-0.2000,-0.1400,-0.3000,0.7000
1978-04-01,0.2600,-0.6500,3.8000,-0.2080,-1.1700,-1.8800,-0.7700,-0.9400,-0.7000,-0.5900,-0.5000,0.9100
1978-05-01,0.0800,-0.6400,2.0500,-0.2170,1.0800,1.6780,-1.2500,-1.1500,-0.7400,-0.4000,2.2000,0.7200
1978-06-01,-0.1400,-0.4700,-0.3900,-0.3460,1.3800,1.4690,-1.1800,-0.9700,-0.7100,-0.5600,1.1000,0.3300
1978-07-01,-0.3300,-0.0800,-1.3200,-0.2890,-1.1400,0.3020,-0.9400,-0.8600,-0.5500,-0.6200,0.9000,-0.2500
1978-08-01,-0.3300,-0.2000,-0.5400,-0.2400,0.6400,-0.1160,-1.3700,-1.0200,-0.7900,-0.5900,0.7000,-0.1300
1978-09-01,-0.2100,-0.3500,0.1700,-0.2030,0.4600,1.2350,-0.8800,-0.7200,-0.7100,-0.4800,0.1000,0.1400
1978-10-01,0.0800,-0.3800,0.5100,-0.2200,1.9300,0.6570,-0.9600,-0.4100,-0.4600,-0.5600,-0.6000,0.4600
1978-11-01,0.0100,-0.4300,0.0500,-0.1320,3.0400,3.6400,-0.0400,-0.3100,-0.3800,-0.3900,-0.0000,0.4400
1978-12-01,-0.1900,-0.1600,-1.0900,-0.1950,-1.5700,-2.7670,0.0900,0.0100,-0.0600,-0.1700,-0.1000,-0.0300
1979-01-01,0.1700,-0.1600,1.1500,-0.2050,-1.3800,-3.3520,0.1600,-0.3200,-0.1300,0.0400,-0.7000,0.3300
1979-02-01,0.2800,-0.2400,2.5000,-0.1640,-0.6700,-0.6520,-0.5800,-0.2900,-0.2200,-0.1100,1.6000,0.5200
1979-03-01,0.1500,-0.3100,2.3700,-0.2410,0.7800,1.3580,-0.5800,-0.0600,-0.0200,-0.0200,0.2000,0.4600
1979-04-01,0.2900,0.0100,2.1600,-0.2500,-1.7100,0.0910,0.1500,0.0700,0.0200,-0.0200,-0.2000,0.2800
1979-05-01,0.3500,0.0700,2.4200,-0.1300,-1.0300,1.5390,-0.1300,-0.0500,-0.2500,-0.1800,0.8000,0.2800
1979-06-01,0.4200,0.1000,1.9600,-0.0550,1.6000,0.8450,0.1600,-0.1500,-0.2900,-0.2400,1.1000,0.3200
1979-07-01,0.2800,0.1400,1.1600,-0.1070,0.8300,0.7040,-0.2600,-0.3100,-0.4700,-0.2000,2.2000,0.1400
1979-08-01,0.0800,0.2700,-0.4200,-0.1280,0.9600,-0.5160,-0.0700,0.1300,-0.1000,-0.4500,-0.3000,-0.1900
1979-09-01,0.1000,0.2900,-0.8900,-0.1220,1.0100,1.4500,0.4300,0.5800,0.2800,-0.2900,0.2000,-0.1900
1979-10-01,0.1000,0.0500,-0.2600,-0.1000,-0.3000,-1.4290,0.4500,0.4400,0.1100,-0.1800,-0.2000,0.0500
1979-11-01,0.1100,0.0600,0.0800,-0.0980,0.5300,2.4610,0.1400,0.3900,0.2900,0.1200,-0.7000,0.0500
1979-12-01,0.2600,-0.0200,0.8900,-0.0720,1.0000,2.3300,-0.0800,0.4300,0.5200,0.2900,-1.2000,0.2800
1980-01-01,0.4000,-0.1500,2.9900,-0.0140,-0.7500,-1.8560,-0.2500,0.3800,0.5400,0.3700,0.7000,0.5500
1980-02-01,0.4100,-0.3400,3.3500,-0.0910,0.0500,0.5550,-0.4200,0.0300,0.2200,0.3600,0.5000,0.7500
1980-03-01,0.1700,-0.2600,3.0100,-0.1510,-0.3100,-0.1730,-0.0100,-0.1800,0.0300,0.1900,-0.7000,0.4300
1980-04-01,0.5600,-0.1100,4.1900,-0.0130,1.2900,-0.0940,0.0000,-0.2000,-0.0700,0.1400,-1.0000,0.6700
1980-05-01,0.7100,-0.0400,5.1000,0.1170,-1.5000,-1.7450,-0.4300,-0.1500,0.0800,0.2600,-0.0000,0.7500
1980-06-01,0.4700,-0.0800,3.6400,0.0960,-0.3700,0.5900,-0.3600,0.0800,0.2100,0.1600,-0.0000,0.5500
1980-07-01,0.1900,-0.0600,1.5300,0.0380,-0.4200,-0.7440,-0.8400,-0.2300,-0.0600,0.0200,-0.1000,0.2500
1980-08-01,0.2900,0.0300,1.7300,0.0110,-2.2400,0.1870,-0.4800,-0.3400,-0.3800,-0.2900,0.6000,0.2600
1980-09-01,0.2100,0.1100,0.8900,-0.0200,0.6600,1.4770,-0.3000,-0.1800,-0.2800,-0.2700,-0.8000,0.1000
1980-10-01,0.0500,-0.0300,0.2200,-0.0740,-1.7700,-0.1700,-0.5000,-0.4200,-0.2600,-0.0200,0.0000,0.0800
1980-11-01,0.0300,-0.2500,0.6800,-0.2090,-0.3700,-1.6990,-0.4100,-0.1000,-0.1000,-0.0200,-0.6000,0.2800
1980-12-01,-0.0200,-0.5900,0.7500,-0.2610,0.7800,1.9270,-0.4000,0.0100,0.0500,-0.0300,-0.1000,0.5700
1981-01-01,0.2700,-0.2700,1.7200,-0.1890,0.3700,1.0050,-1.5000,-0.7100,-0.3600,-0.1300,0.6000,0.5400
1981-02-01,0.1600,-0.4700,2.7800,-0.1880,0.9200,0.9190,-1.1700,-0.8800,-0.6400,-0.1700,-0.3000,0.6300
1981-03-01,0.6000,-0.6400,5.0900,-0.0070,-1.1900,0.4870,-0.5500,-0.5900,-0.6400,-0.1700,-2.1000,1.2400
1981-04-01,0.3400,-0.5200,4.0300,-0.1030,0.3600,-2.0750,-0.7300,-0.5200,-0.5300,-0.5200,-0.2000,0.8600
1981-05-01,0.3600,-0.4000,3.6800,-0.0910,0.2000,0.9150,-0.7700,-0.5400,-0.5700,-0.5600,1.3000,0.7600
1981-06-01,0.1800,-0.2200,2.1900,-0.0700,-0.4500,-1.3650,-0.6300,-0.4300,-0.4600,-0.5900,2.0000,0.4000
1981-07-01,0.1500,-0.2300,1.4100,-0.1020,0.0500,0.4180,-0.8900,-0.6000,-0.6400,-0.7300,1.4000,0.3800
1981-08-01,0.0900,0.1200,0.3200,-0.1230,0.3900,0.0040,-1.1300,-0.7300,-0.5300,-0.7100,1.2000,-0.0300
1981-09-01,0.1400,0.2000,0.0200,-0.0440,-1.4500,0.6830,-0.7900,-0.2300,-0.1900,-0.4000,0.5000,-0.0600
1981-10-01,0.0400,0.3500,-0.9000,-0.1940,-1.3500,-0.1540,-0.5700,-0.1800,-0.3000,-0.3800,-0.6000,-0.3100
1981-11-01,0.1300,0.2600,-0.1700,-0.1440,-0.3800,0.9670,-0.4600,-0.4100,-0.4100,-0.3100,0.3000,-0.1300
1981-12-01,0.2700,0.1000,1.9100,-0.0140,-0.0200,-2.6840,-0.1800,-0.0500,-0.2000,-0.0900,0.8000,0.1700
1982-01-01,0.1900,0.0300,0.3700,-0.0890,-0.8900,-1.1320,-0.2600,0.2000,0.1300,-0.0300,2.0000,0.1600
1982-02-01,-0.0700,-0.2000,-0.2200,-0.0860,1.1500,1.8770,-0.7900,-0.0000,-0.1700,-0.1800,0.4000,0.1300
1982-03-01,-0.0700,-0.2100,-0.4500,-0.0880,1.1500,2.7930,-1.2900,-0.1000,0.1300,0.0700,1.0000,0.1400
1982-04-01,-0.1600,-0.3500,-0.6800,-0.1900,0.1000,-1.0870,-0.8100,-0.0100,0.2100,0.3300,0.1000,0.1900
1982-05-01,-0.0300,-0.3700,0.3100,-0.1990,-0.5300,1.4690,-0.3100,0.3900,0.4500,0.3900,-0.6000,0.3400
1982-06-01,-0.1500,-0.4500,-0.3000,-0.1920,-1.6300,-0.6520,0.1300,0.5400,0.5300,0.4500,-1.7000,0.3000
1982-07-01,-0.2700,-0.4400,-0.9200,-0.2360,1.1500,0.4730,0.4700,0.4100,0.3700,0.1300,-2.5000,0.1700
1982-08-01,-0.3000,-0.5700,-0.7500,-0.3170,0.2600,0.8320,0.8000,0.9500,0.7300,0.0900,-2.9000,0.2700
1982-09-01,-0.2800,-0.3100,-2.2100,-0.3150,1.7600,0.9430,1.3100,1.8900,1.4900,0.3300,-2.9000,0.0300
1982-10-01,-0.3400,-0.1100,-3.1200,-0.3790,-0.7400,1.7570,1.8100,2.3000,1.9900,0.6700,-2.8000,-0.2300
1982-11-01,-0.4600,-0.2800,-4.1800,-0.4250,1.6000,1.9710,3.0300,2.4000,1.9200,0.5700,-4.3000,-0.1800
1982-12-01,-0.5000,-0.1700,-5.8900,-0.3880,1.7800,3.0100,3.1600,2.8600,2.2000,0.5100,-3.7000,-0.3300
1983-01-01,-0.3600,0.3300,-5.8700,-0.3060,1.5900,4.1940,2.6500,3.0000,2.3500,0.3900,-5.8000,-0.6900
1983-02-01,-0.0200,0.3700,-3.1800,-0.1120,-0.5300,-1.2260,2.0300,2.3000,1.9400,0.3300,-6.0000,-0.3900
1983-03-01,0.4400,-0.1400,1.5600,0.0730,0.9500,2.2810,2.2300,1.6800,1.3800,0.2300,-4.0000,0.5800
1983-04-01,0.4500,-0.2500,2.4100,0.0510,-0.8500,-1.3140,3.3200,1.5500,0.9500,0.0400,-1.5000,0.7000
1983-05-01,0.1700,-0.4500,1.1100,-0.0560,-0.0700,0.2410,3.8500,1.7300,0.9000,0.1600,1.0000,0.6200
1983-06-01,0.3500,-0.4500,1.2500,-0.0620,0.9900,0.5740,4.2400,1.5200,0.5400,-0.0000,0.1000,0.8000
1983-07-01,0.2300,-0.3100,0.6700,-0.0230,1.1900,0.1360,3.8000,0.8000,-0.1100,-0.2700,-1.0000,0.5400
1983-08-01,0.0100,-0.0800,-0.9800,-0.1660,1.6100,0.1590,2.9300,0.6500,-0.2700,-0.4000,0.2000,0.0900
1983-09-01,-0.1800,0.0400,-1.1200,-0.2240,-1.1200,-0.2840,1.3700,0.1300,-0.5200,-0.7800,1.4000,-0.2200
1983-10-01,-0.1500,-0.0800,-0.4000,-0.2030,0.6500,2.2850,0.9900,-0.6100,-1.1600,-0.8900,0.7000,-0.0700
1983-11-01,0.0500,0.0600,0.4200,-0.1660,-0.9800,-2.3700,0.4000,-1.0300,-1.2900,-1.0100,-0.2000,-0.0100
1983-12-01,0.2300,0.3900,0.5200,-0.0110,0.2900,-0.0870,0.2100,-0.8400,-1.0300,-0.8300,0.0000,-0.1600
1984-01-01,-0.0500,0.6800,-1.6200,-0.1140,1.6600,2.7250,-0.3900,-0.5800,-0.6700,-0.8300,0.3000,-0.7300
1984-02-01,-0.2000,0.6500,-2.9700,-0.0960,0.7200,1.6370,-0.8800,-0.1500,-0.1900,-0.7200,1.4000,-0.8500
1984-03-01,-0.1000,0.7900,-3.4300,-0.1330,-0.3700,-1.9730,-0.8700,-0.2300,-0.5200,-0.8500,-0.4000,-0.8900
1984-04-01,-0.1900,0.5000,-2.7600,-0.1650,-0.2800,-0.3430,-0.2300,-0.4900,-0.6800,-0.8800,0.6000,-0.6900
1984-05-01,-0.1600,0.2600,-1.7700,-0.1740,0.5400,-1.1270,-1.1100,-0.9300,-0.7300,-0.7800,0.3000,-0.4200
1984-06-01,-0.3700,0.4600,-2.6500,-0.3330,-0.4200,-0.1120,-0.9500,-1.1700,-0.9000,-0.7800,-0.6000,-0.8300
1984-07-01,-0.3500,0.5500,-3.1700,-0.2740,-0.0700,0.4110,-0.6300,-0.7800,-0.5000,-0.5900,0.3000,-0.9000
1984-08-01,-0.2800,0.7700,-3.5700,-0.2340,1.1500,0.0310,-0.5600,-0.4100,-0.2400,-0.6200,0.7000,-1.0500
1984-09-01,-0.2400,0.8400,-3.4300,-0.2170,0.1700,0.0560,-0.0700,-0.3400,-0.3400,-0.5400,0.2000,-1.0800
1984-10-01,-0.4900,0.5900,-3.1400,-0.3520,-0.0700,2.3650,-0.5100,-0.6700,-0.6700,-0.7400,-0.5000,-1.0800
1984-11-01,-0.4600,0.3100,-3.1200,-0.4320,-0.0600,-0.6080,-0.1300,-0.9900,-1.1900,-0.9100,0.4000,-0.7700
1984-12-01,-0.5000,0.2500,-2.6800,-0.3260,0.0000,1.6420,-0.4000,-1.2700,-1.3400,-0.9500,-0.2000,-0.7500
1985-01-01,-0.4300,0.3200,-3.0400,-0.3630,-1.6100,-3.0800,-0.7800,-1.2600,-1.1600,-0.6400,-0.5000,-0.7500
1985-02-01,-0.3700,0.5200,-2.7100,-0.3380,-0.4900,-0.7050,-1.3800,-0.9000,-0.7200,-0.7100,2.0000,-0.8900
1985-03-01,-0.6200,0.1400,-3.9200,-0.3650,0.2000,1.1670,-0.8900,-0.7800,-0.7900,-1.0100,1.3000,-0.7600
1985-04-01,-0.6500,0.1500,-3.9000,-0.4090,0.3200,0.1850,-1.3700,-1.0500,-1.1800,-1.1400,1.9000,-0.8000
1985-05-01,-0.7000,0.2400,-4.9400,-0.3460,-0.4900,-0.6580,-1.8800,-1.0700,-1.0300,-0.9800,0.7000,-0.9400
1985-06-01,-0.3000,0.0400,-0.6200,-0.1360,-0.8000,-0.2440,-1.2700,-1.0200,-0.9100,-0.9500,-0.6000,-0.3400
1985-07-01,-0.0500,0.2700,0.1200,-0.1610,1.2200,0.9750,-1.4000,-1.1000,-0.7400,-0.7200,-0.2000,-0.3200
1985-08-01,-0.0800,0.1000,-0.2600,-0.2900,-0.4800,2.3480,-1.2300,-0.8800,-0.5600,-0.5800,1.6000,-0.1800
1985-09-01,-0.1600,0.0200,-0.3900,-0.2560,-0.5200,-0.0560,-0.9900,-0.8600,-0.7000,-0.4800,0.0000,-0.1800
1985-10-01,-0.1400,0.2700,-1.1000,-0.2540,0.9000,1.0260,-0.9200,-0.8000,-0.4900,-0.4000,-0.6000,-0.4100
1985-11-01,-0.0800,0.2400,-0.2300,-0.3040,-0.6700,-1.9270,-0.7900,-0.7000,-0.3700,-0.3500,-0.3000,-0.3200
1985-12-01,-0.2500,0.2900,-1.8800,-0.3450,0.2200,-0.8780,-0.3800,-0.7300,-0.4100,-0.2400,0.4000,-0.5400
1986-01-01,-0.6200,0.2000,-3.8500,-0.3520,1.1100,1.5350,-0.0000,-0.8000,-0.6600,-0.2500,1.6000,-0.8200
1986-02-01,-0.6300,0.4700,-4.4000,-0.2840,-1.0000,-3.5270,-0.1000,-0.5300,-0.7100,-0.2300,-1.7000,-1.1000
1986-03-01,-0.6100,0.3800,-4.3900,-0.3010,1.7100,3.8580,-0.7300,-0.3700,-0.4200,-0.1600,0.8000,-0.9900
1986-04-01,-0.6400,0.2800,-5.2000,-0.3330,-0.5900,-0.3690,-0.8500,-0.3800,-0.3300,-0.3400,0.5000,-0.9200
1986-05-01,-0.5400,0.2600,-4.4200,-0.2370,0.8500,3.4770,-1.1800,-0.6000,-0.5300,-0.3300,-0.4000,-0.8000
1986-06-01,-0.5900,0.4100,-4.3700,-0.2700,1.2200,-0.2610,-1.0800,-0.4500,-0.3100,-0.1900,1.6000,-1.0000
1986-07-01,-0.3800,0.1900,-3.0200,-0.2580,0.1200,-0.2200,-0.4900,-0.1400,-0.1100,-0.0800,0.5000,-0.5700
1986-08-01,-0.4100,0.2100,-2.7500,-0.2810,-1.0900,-1.5220,-0.1000,0.1700,0.3200,0.0600,-0.6000,-0.6200
1986-09-01,0.0400,0.3000,-1.6800,-0.2290,-1.1200,-1.1380,0.1800,0.3000,0.5300,0.2200,-0.8000,-0.2600
1986-10-01,-0.2000,0.1400,-2.3400,-0.3270,1.5500,3.1910,0.2500,0.5300,0.8100,0.2300,1.1000,-0.3400
1986-11-01,-0.6000,-0.1700,-3.4100,-0.4060,2.2900,3.2300,0.3600,0.7800,1.0100,0.3800,-2.0000,-0.4300
1986-12-01,-0.6900,0.0200,-5.9500,-0.3800,0.9900,3.3650,0.6000,0.9200,1.1200,0.3200,-2.4000,-0.7100
1987-01-01,-0.3200,0.0200,-3.6600,-0.2870,-1.1500,-2.4830,0.9900,1.0200,1.1400,0.3000,-1.1000,-0.3400
1987-02-01,-0.1700,0.0800,-2.7400,-0.2270,-0.7300,-0.2450,0.9700,1.1400,1.1300,0.5000,-2.1000,-0.2500
1987-03-01,0.2200,0.1600,0.1800,-0.0420,0.1400,0.8740,1.4400,1.0000,0.9800,0.4700,-2.1000,0.0600
1987-04-01,0.3300,0.0400,0.9300,0.0200,2.0000,1.7950,1.5600,0.7700,0.5800,0.0800,-2.3000,0.2900
1987-05-01,0.3700,0.2800,0.5700,0.0590,0.9800,-0.6960,1.5200,0.8900,0.6200,0.1900,-2.1000,0.0900
1987-06-01,0.6200,0.4200,2.3400,0.1940,-1.8200,-0.2020,0.9800,0.8600,0.9200,0.4000,-1.8000,0.2000
1987-07-01,0.4800,0.5000,0.2200,0.2700,0.5200,-1.5720,1.0300,1.1100,1.2900,0.4900,-2.2000,-0.0200
1987-08-01,0.5600,0.4300,0.7800,0.2700,-0.8300,-2.9180,0.8200,1.4500,1.5700,0.5900,-1.5000,0.1300
1987-09-01,0.4000,0.3200,0.3800,0.1850,-1.2200,0.5890,1.1000,1.6600,1.6500,0.7800,-1.7000,0.0800
1987-10-01,0.4500,0.4200,0.5800,0.0370,0.1400,-0.2800,1.4500,1.1600,1.2400,0.8200,-0.6000,0.0300
1987-11-01,0.3600,0.6300,-0.6800,-0.0790,0.1800,0.2840,1.1400,0.9900,1.0700,0.8200,-0.0000,-0.2700
1987-12-01,0.5200,0.3900,1.1000,0.0340,0.3200,-1.3320,0.6700,1.0000,0.9400,0.7600,-0.8000,0.1300
1988-01-01,0.1500,0.6300,-1.3600,-0.0510,1.0200,0.4950,0.0200,0.6800,0.9000,0.6500,-0.2000,-0.4800
1988-02-01,-0.0200,0.6600,-2.5100,-0.1260,0.7600,-0.0470,-0.3100,-0.0100,0.2800,0.4500,-0.6000,-0.6800
1988-03-01,0.2700,0.7700,-0.6600,-0.0210,-0.1700,1.6220,-0.8100,-0.1500,0.1000,0.1400,1.1000,-0.5000
1988-04-01,0.3800,0.5900,1.3900,0.0400,-1.1700,-1.4210,-0.8300,-0.6500,-0.4400,-0.3600,0.2000,-0.2100
1988-05-01,0.2900,0.7100,0.4800,0.1260,0.6300,-0.1770,-1.2600,-1.5700,-1.2500,-0.6200,1.5000,-0.4200
1988-06-01,0.3400,0.7300,1.7100,0.1540,0.8800,-2.8540,-1.6600,-2.1800,-1.7400,-0.8800,0.1000,-0.3900
1988-07-01,0.2700,0.4600,1.7400,0.0980,-0.3500,1.3330,-1.3700,-2.0600,-1.7400,-0.9400,1.7000,-0.1900
1988-08-01,0.0300,0.5000,0.4700,-0.0200,0.0400,1.3230,-1.4600,-1.4800,-1.1900,-0.7700,2.5000,-0.4700
1988-09-01,0.0600,0.3000,0.2000,-0.1070,-0.9900,0.8680,-1.2900,-1.0900,-1.0000,-0.9200,3.0000,-0.2400
1988-10-01,-0.2000,0.3700,-0.2800,-0.1830,-1.0800,-1.6350,-1.2000,-1.5500,-1.9000,-1.6400,2.3000,-0.5700
1988-11-01,-0.2300,0.1400,0.0800,-0.1600,-0.3400,-1.6170,-0.9600,-1.6700,-2.0500,-1.7300,2.8000,-0.3700
1988-12-01,-0.2300,0.1900,-0.2100,-0.1770,0.6100,1.8430,-0.7500,-1.6100,-1.9600,-1.7700,2.0000,-0.4200
1989-01-01,-0.4200,0.4100,-2.6000,-0.2340,1.1700,3.1120,-0.3000,-1.4400,-1.9700,-1.7200,2.5000,-0.8300
1989-02-01,-0.4800,0.2300,-2.8400,-0.1690,2.0000,2.8640,-0.0600,-0.9600,-1.4700,-1.5300,2.0000,-0.7100
1989-03-01,-0.6600,0.3500,-4.8400,-0.2660,1.8500,3.0920,-0.1500,-1.0100,-1.2100,-1.1600,1.8000,-1.0100
1989-04-01,-0.8900,0.2900,-5.7900,-0.3020,0.2800,-0.2170,-0.0900,-0.8600,-1.0800,-1.0100,2.7000,-1.1800
1989-05-01,-0.6600,0.3300,-4.4500,-0.1600,1.3800,1.3500,-1.2000,-0.8300,-0.8800,-0.7900,2.0000,-0.9900
1989-06-01,-0.1700,0.3100,0.3500,0.0780,-0.2700,-0.5680,-1.0800,-0.3200,-0.5900,-0.9200,1.2000,-0.4800
1989-07-01,0.2500,0.2600,2.1400,0.1640,0.9700,-1.0880,-0.7900,-0.4500,-0.5700,-0.8500,1.5000,-0.0100
1989-08-01,0.3900,0.3900,2.6800,0.1000,0.0100,1.2480,-0.3000,-0.4000,-0.5300,-0.7700,-0.5000,0.0000
1989-09-01,0.0600,0.2100,0.5200,-0.1080,2.0500,-0.3360,-0.6500,-0.3000,-0.3000,-0.5000,0.8000,-0.1500
1989-10-01,0.1200,0.2800,0.5400,-0.1360,-0.0300,0.7700,-0.4800,-0.4000,-0.4000,-0.4500,1.3000,-0.1600
1989-11-01,-0.0400,-0.0600,-0.2400,-0.1630,0.1600,-2.7880,-0.2400,-0.5900,-0.4500,-0.5400,-0.4000,0.0200
1989-12-01,0.2200,-0.2500,1.6300,-0.1660,-1.1500,-3.1000,-0.4000,-0.3800,-0.1300,-0.1200,-0.9000,0.4700
1990-01-01,-0.0800,-0.3400,-0.1800,-0.3120,1.0400,3.3610,-0.4800,-0.2900,0.0100,0.1600,-0.1000,0.2600
1990-02-01,-0.1000,0.1300,-1.2700,-0.1750,1.4100,4.0860,-0.1600,0.0100,0.2100,0.3800,-3.0000,-0.2300
1990-03-01,-0.0400,0.3200,-1.6000,-0.1920,1.4600,3.0060,-0.4400,-0.2800,0.0400,0.3100,-0.7000,-0.3600
1990-04-01,0.0600,0.3500,-0.8000,-0.1310,2.0000,1.4510,-0.5200,-0.1000,0.0800,0.1200,0.3000,-0.2900
1990-05-01,0.1300,-0.0600,0.6100,-0.0720,-1.5300,-1.6380,-0.2400,0.1600,0.0800,-0.0600,2.0000,0.1900
1990-06-01,-0.0200,0.0800,-0.3000,-0.0700,-0.0200,-0.3260,-0.3000,-0.0400,-0.0800,-0.0500,0.5000,-0.1000
1990-07-01,0.0600,-0.1100,0.9100,-0.0350,0.5300,-0.3670,-0.6600,0.0100,0.0900,0.0200,0.9000,0.1700
1990-08-01,0.3000,-0.1300,2.1000,0.0390,0.9700,1.2150,-0.4400,0.1100,0.2200,0.1300,-0.3000,0.4300
1990-09-01,0.4000,-0.0700,2.0800,0.1330,1.0600,-1.3880,-0.4900,0.1200,0.2200,0.2200,-1.2000,0.4700
1990-10-01,0.4100,0.1000,1.3500,0.0990,0.2300,-0.4230,-0.7000,-0.1400,0.2100,0.3900,0.4000,0.3100
1990-11-01,0.3300,0.1700,0.8300,-0.0670,-0.2400,-0.6960,-0.6500,-0.2000,0.1000,0.5000,-0.8000,0.1600
1990-12-01,0.1700,0.2200,-0.5400,-0.0500,0.2200,0.6220,-0.5000,-0.0800,0.3500,0.6500,-0.4000,-0.0500
1991-01-01,-0.1400,0.1200,-1.2900,-0.2090,0.8600,1.5680,-0.5400,0.1300,0.4900,0.5800,1.0000,-0.2600
1991-02-01,-0.1100,0.0600,-1.1900,-0.1310,1.0400,-0.1030,-0.3800,0.0000,0.3200,0.5400,0.4000,-0.1700
1991-03-01,-0.2200,0.1400,-2.0600,-0.0830,-0.2000,-1.1160,-0.2100,-0.1600,0.0300,0.3400,-1.1000,-0.3600
1991-04-01,-0.3900,0.3100,-3.5700,-0.1470,0.2900,1.4550,-0.3000,-0.0500,0.1900,0.3400,-1.0000,-0.7000
1991-05-01,-0.4200,0.4900,-4.4300,-0.1680,0.0800,-0.0120,-0.3300,0.2400,0.2600,0.4600,-1.7000,-0.9100
1991-06-01,-0.4300,0.4400,-5.0300,-0.1440,-0.8200,-1.0790,0.2100,0.6800,0.5200,0.3800,-0.2000,-0.8700
1991-07-01,-0.3900,0.0500,-4.1200,-0.1220,-0.4900,-1.3890,0.6000,0.8300,0.7600,0.4500,0.0000,-0.4400
1991-08-01,-0.2900,-0.3300,-2.1500,-0.1230,1.2300,1.0190,0.3700,0.5100,0.6800,0.4700,-0.7000,0.0400
1991-09-01,-0.1400,-0.3600,0.3800,-0.0520,0.4800,-0.6670,0.4600,0.3600,0.4200,0.3300,-2.5000,0.2200
1991-10-01,-0.1100,-0.3600,-1.3100,-0.2770,-0.1900,-0.9440,0.6500,0.6100,0.8600,0.7000,-1.7000,0.2500
1991-11-01,-0.1500,-0.3400,-1.2200,-0.2760,0.4800,2.0040,0.7200,0.9500,1.2000,0.6900,-1.1000,0.1900
1991-12-01,-0.1800,-0.0800,-2.1900,-0.2290,0.4600,0.8560,0.8300,1.2500,1.6900,0.8100,-2.9000,-0.1000
1992-01-01,0.0000,-0.2700,-1.4700,-0.2050,-0.1300,0.2810,0.4700,1.3700,1.8400,0.6200,-4.7000,0.2700
1992-02-01,0.0400,-0.2600,-0.9800,-0.1090,1.0700,2.5000,0.6100,1.2700,1.7800,0.8900,-1.5000,0.3000
1992-03-01,-0.1800,-0.4000,-0.7500,-0.1080,0.8700,2.5790,1.2400,1.0500,1.3800,0.6400,-3.3000,0.2200
1992-04-01,-0.2900,-0.5700,-1.2100,-0.1990,1.8600,1.4910,2.1900,1.1700,1.2000,0.4600,-1.7000,0.2800
1992-05-01,-0.1800,-0.6600,-0.3400,-0.2370,2.6300,0.5520,2.2200,1.1900,1.0400,0.3100,0.4000,0.4800
1992-06-01,-0.1100,-0.8000,0.0200,-0.1660,0.2000,-1.2880,0.8500,0.5500,0.5800,0.2700,-1.0000,0.6900
1992-07-01,-0.0100,-0.6000,0.6800,-0.2350,0.1600,-0.0290,-0.0700,-0.0600,0.2200,0.3100,-1.0000,0.5900
1992-08-01,-0.2300,-0.6600,0.0800,-0.3960,0.8500,2.5390,-0.1400,-0.0800,0.0500,0.1400,0.6000,0.4300
1992-09-01,-0.2100,-0.5600,-0.0200,-0.3850,-0.4400,1.3060,0.0300,-0.0700,-0.0600,0.1000,0.1000,0.3500
1992-10-01,-0.0600,-0.5200,0.0600,-0.3160,-1.7600,-1.8110,0.0100,-0.3400,-0.3000,-0.0000,-2.3000,0.4600
1992-11-01,-0.3000,-0.7900,-0.7100,-0.3500,1.1900,4.5780,-0.0700,-0.4600,-0.2800,-0.0100,-1.1000,0.4900
1992-12-01,-0.2300,-0.3600,-1.3400,-0.3000,0.4700,0.2450,-0.1000,-0.3600,-0.1500,0.0700,-0.9000,0.1300
1993-01-01,-0.2500,-0.2500,-2.2600,-0.2560,1.6000,3.4130,-0.0100,-0.1100,0.1400,0.2200,-1.5000,0.0000
1993-02-01,-0.2500,-0.1300,-2.5100,-0.2020,0.5000,-0.0040,0.3000,0.3900,0.4100,0.1000,-1.2000,-0.1200
1993-03-01,-0.2300,-0.0900,-3.1400,-0.2600,0.6700,1.6030,0.6000,0.4000,0.3900,0.0500,-0.8000,-0.1400
1993-04-01,-0.0700,0.2000,-3.2600,-0.1890,0.9700,0.8180,1.2500,0.8400,0.5900,0.0400,-1.9000,-0.2700
1993-05-01,-0.0400,0.0300,-2.3000,-0.1800,-0.7800,-3.1240,1.1500,1.0700,0.7800,0.0700,-0.6000,-0.0700
1993-06-01,0.0700,-0.0300,-0.8800,-0.1970,-0.5900,-0.5320,1.0400,0.4400,0.3500,0.0400,-1.4000,0.1000
1993-07-01,-0.1700,0.0500,-2.5500,-0.2930,-3.1800,-1.0960,0.7000,0.2400,0.2300,0.0700,-1.3000,-0.2200
1993-08-01,-0.1100,0.0400,-2.5200,-0.2450,0.1200,-0.7400,0.5600,0.2400,0.1300,0.1300,-1.6000,-0.1500
1993-09-01,-0.1200,0.4400,-2.6400,-0.1810,-0.5700,-1.2270,0.3800,0.3200,0.3500,0.3000,-1.2000,-0.5600
1993-10-01,-0.1300,0.6900,-3.2200,-0.2590,-0.7100,-3.6790,0.5500,0.1300,0.0600,0.0200,-1.8000,-0.8200
1993-11-01,-0.3400,0.7500,-5.2700,-0.3350,2.5600,1.4530,0.3100,-0.0100,0.0000,0.0900,-0.1000,-1.0900
1993-12-01,-0.4100,0.5000,-5.9300,-0.3100,1.5600,2.8340,0.0200,0.0900,0.1600,0.1800,0.3000,-0.9100
1994-01-01,-0.5900,0.3200,-6.2300,-0.3130,1.0400,1.3760,-0.0900,0.2000,0.1000,0.1100,-0.2000,-0.9100
1994-02-01,-0.6100,0.1200,-5.4700,-0.3260,0.4600,-0.1040,-0.3300,-0.0800,0.0600,-0.0600,0.4000,-0.7300
1994-03-01,-0.6000,0.2400,-5.5600,-0.2960,1.2600,4.2620,-1.0100,-0.3500,0.1100,0.0500,-1.1000,-0.8400
1994-04-01,-0.4600,0.1800,-4.9200,-0.2170,1.1400,2.0450,-1.2700,-0.3800,0.2600,0.1100,-2.1000,-0.6400
1994-05-01,-0.5000,0.1100,-4.8200,-0.2240,-0.5700,-0.8950,-1.0600,-0.1000,0.3100,0.2300,-1.1000,-0.6100
1994-06-01,-0.4300,-0.1800,-3.4900,-0.2390,1.5200,2.5950,-0.9100,-0.0600,0.3200,0.2600,-0.7000,-0.2500
1994-07-01,-0.3900,-0.2600,-2.3100,-0.2480,1.3100,0.6720,-0.8700,-0.2800,0.2400,0.5000,-2.2000,-0.1300
1994-08-01,-0.2900,-0.1700,-2.2400,-0.2520,0.3800,-1.1410,-1.0300,-0.2600,0.5300,0.7100,-2.0000,-0.1200
1994-09-01,-0.2400,-0.1500,-1.7100,-0.1690,-1.3200,-0.8550,-0.1500,-0.0500,0.4800,0.5400,-2.6000,-0.0900
1994-10-01,-0.0800,-0.0500,-1.4200,-0.0760,-0.9700,-1.0990,0.8000,0.5200,0.7500,0.6900,-1.9000,-0.0300
1994-11-01,-0.0300,0.0800,-1.7000,-0.0370,0.6400,1.2150,0.6000,0.8900,1.1100,0.7500,-0.9000,-0.1100
1994-12-01,-0.1300,0.2000,-2.2400,-0.1080,2.0200,2.8180,0.8600,0.8200,1.2500,0.9200,-2.0000,-0.3300
1995-01-01,-0.0500,0.4000,-1.3700,-0.0800,0.9300,2.2600,0.7300,0.7700,1.0200,0.7200,-0.7000,-0.4500
1995-02-01,-0.0400,0.6100,-1.6600,-0.0570,1.1400,2.3960,0.1000,0.4500,0.7300,0.7100,-0.2000,-0.6500
1995-03-01,-0.0500,0.7400,-3.4900,-0.0010,1.2500,1.3190,-0.4900,-0.0300,0.4600,0.7100,1.2000,-0.7900
1995-04-01,0.1100,0.6100,-1.5800,0.0580,-0.8500,-2.3850,-1.5500,-0.4000,0.2800,0.5200,-1.1000,-0.5000
1995-05-01,0.3000,0.5900,0.7600,0.2540,-1.4900,-0.7170,-1.4100,-0.7200,-0.1100,0.3900,-0.6000,-0.2900
1995-06-01,0.4800,0.6400,1.3300,0.3460,0.1300,-4.8810,-0.9300,-0.5500,-0.1400,0.2100,0.2000,-0.1600
1995-07-01,0.5800,0.3500,2.4800,0.2960,-0.2200,-2.1970,-0.6100,-0.4400,-0.2100,0.0300,0.7000,0.2300
1995-08-01,0.5900,-0.0700,2.9900,0.1650,0.6900,-2.3790,-0.4100,-0.9000,-0.6300,-0.1400,0.5000,0.6600
1995-09-01,0.4000,-0.0400,2.9100,0.0360,0.3100,-0.9990,-0.2800,-1.0400,-0.8400,-0.3500,0.4000,0.4400
1995-10-01,0.3700,-0.0500,3.4600,0.0840,0.1900,0.7810,-0.5500,-1.0000,-0.8800,-0.4500,0.0000,0.4200
1995-11-01,0.5100,0.1200,4.6600,0.1090,-1.3800,-3.0030,-0.2800,-1.0700,-1.1000,-0.5900,0.1000,0.3900
1995-12-01,0.4700,0.0000,4.3500,0.0240,-1.6700,-3.9770,-0.8500,-0.9800,-0.9500,-0.5000,-0.8000,0.4700
1996-01-01,0.7400,0.1800,5.7100,-0.0280,-0.1200,-3.7140,-0.6500,-0.8100,-0.8600,-0.4700,1.6000,0.5600
1996-02-01,0.4000,0.4300,2.6400,-0.0500,-0.0700,0.2550,-0.4400,-0.6700,-0.8600,-0.5200,0.4000,-0.0300
1996-03-01,0.2200,0.4700,0.0900,-0.0750,-0.2400,-2.2420,-0.3300,-0.5300,-0.6100,-0.4000,1.9000,-0.2500
1996-04-01,0.3100,0.6500,0.0200,-0.0080,-0.1700,0.0740,-1.9200,-0.8300,-0.4700,-0.4600,1.3000,-0.3400
1996-05-01,0.3600,0.7700,-0.1500,-0.0830,-1.0600,-1.9290,-1.4400,-0.7400,-0.3800,-0.4500,0.5000,-0.4100
1996-06-01,0.1800,0.8700,-1.5800,-0.1410,0.5600,0.9000,-1.8900,-0.7600,-0.4400,-0.4800,1.9000,-0.6900
1996-07-01,0.1200,0.6600,-1.2700,-0.1230,0.6700,0.3190,-1.2600,-0.6400,-0.4400,-0.4500,1.1000,-0.5400
1996-08-01,-0.0300,0.3500,-0.5800,-0.0260,1.0200,0.3010,-0.8700,-0.4200,-0.2200,-0.3200,1.2000,-0.3800
1996-09-01,0.1500,0.1300,0.5300,-0.0200,-0.8600,-1.3850,-0.6500,-0.5000,-0.4500,-0.3700,1.0000,0.0200
1996-10-01,0.0800,0.1200,1.1700,-0.1630,-0.3300,2.3750,-0.7000,-0.5900,-0.4400,-0.3100,1.0000,-0.0400
1996-11-01,0.0300,0.1200,1.4200,-0.1920,-0.5600,0.0900,-1.1000,-0.6600,-0.4100,-0.2300,-0.1000,-0.0900
1996-12-01,0.1400,-0.0600,2.3200,-0.1730,-1.4100,-5.0410,-1.1300,-1.0100,-0.6400,-0.1900,1.5000,0.2000
1997-01-01,0.3100,-0.2200,4.2600,-0.1090,-0.4900,-2.3180,-0.9000,-0.8900,-0.5300,0.0100,0.8000,0.5300
1997-02-01,0.3400,-0.3400,3.3200,-0.0540,1.7000,4.3260,-0.2200,-0.6800,-0.3700,0.1900,2.9000,0.6800
1997-03-01,0.1500,-0.4700,2.7000,-0.0130,1.4600,2.2540,0.5400,-0.3500,-0.2500,0.2400,-0.7000,0.6200
1997-04-01,0.2700,-0.5000,2.1100,-0.0110,-1.0200,-1.1580,0.9100,-0.1200,0.1600,0.5900,-1.0000,0.7700
1997-05-01,0.4300,-0.5400,2.5200,0.0210,-0.2800,-1.9020,2.1200,0.6500,0.6400,0.5300,-2.2000,0.9700
1997-06-01,0.5400,-0.6700,2.3200,-0.0100,-1.4700,-3.7090,3.0000,1.5100,1.0900,0.2600,-2.3000,1.2100
1997-07-01,0.3400,-0.2700,0.2300,0.0420,0.3400,-0.3720,3.6300,2.0900,1.5600,0.4700,-1.2000,0.6100
1997-08-01,0.1600,-0.0900,-1.4000,-0.0030,0.8300,0.7040,3.9600,2.5900,1.8900,0.5000,-2.4000,0.2500
1997-09-01,0.2600,0.2100,-1.1600,0.0910,0.6100,-0.8690,3.9600,2.8400,2.1300,0.6800,-2.4000,0.0500
1997-10-01,0.5900,0.6900,-0.1500,0.1320,-1.7000,-1.6890,3.6700,3.0800,2.3600,0.5800,-2.4000,-0.1000
1997-11-01,0.5800,0.7900,-0.3500,0.0330,-0.9000,-0.7680,4.4700,3.2700,2.4100,0.6900,-2.0000,-0.2100
1997-12-01,0.4400,1.0300,-1.4400,0.1130,-0.9600,-0.1940,4.2500,3.3000,2.2900,0.5700,-1.6000,-0.5900
1998-01-01,0.4300,0.7200,-1.5500,0.1120,0.3900,-0.5220,3.5500,3.0800,2.3800,0.6400,-4.4000,-0.2900
1998-02-01,0.7700,0.7400,1.5200,0.2730,-0.1100,1.3090,2.6400,2.4900,2.0300,0.5900,-3.4000,0.0300
1998-03-01,0.7500,0.6900,2.1700,0.3030,0.8700,1.4120,2.7400,1.9200,1.3400,0.3000,-4.0000,0.0600
1998-04-01,0.5900,0.5400,0.7400,0.2730,-0.6800,-0.1240,2.6800,1.6400,0.7800,-0.0700,-2.4000,0.0500
1998-05-01,0.5900,0.5400,1.2000,0.3650,-1.3200,-1.6080,2.7200,1.3900,0.5700,-0.2600,0.4000,0.0500
1998-06-01,0.6600,0.6600,1.4200,0.4710,-2.7200,-0.9320,2.2400,0.3700,-0.3900,-0.7100,1.6000,0.0000
1998-07-01,0.5600,0.8500,0.8500,0.4690,-0.4800,-1.1230,1.4200,-0.3800,-0.9900,-0.7800,2.0000,-0.2900
1998-08-01,0.6700,0.5900,1.8900,0.4940,-0.0200,-0.3000,0.9600,-0.6700,-1.2800,-1.0200,1.9000,0.0800
1998-09-01,0.5100,0.4100,1.3500,0.3940,-2.0000,-2.8250,0.2200,-0.9500,-1.2600,-1.0200,1.7000,0.1000
1998-10-01,0.4900,0.2100,4.1100,0.3630,-0.2900,2.0250,0.3300,-0.9900,-1.4600,-1.3400,1.8000,0.2800
1998-11-01,0.4300,0.3200,4.3900,0.2980,-0.2800,1.6430,-0.1400,-0.8600,-1.4600,-1.4500,1.7000,0.1100
1998-12-01,0.2900,0.1100,3.9700,0.2610,0.8700,2.0180,-0.1800,-1.1000,-1.6900,-1.4800,2.3000,0.1800
1999-01-01,-0.1000,0.1300,1.3600,0.0320,0.7700,0.8950,-0.7800,-1.2500,-1.6900,-1.6800,3.0000,-0.2300
1999-02-01,-0.2000,0.0500,-0.3000,0.0390,0.2900,1.8120,-0.5400,-0.8800,-1.3200,-1.6400,1.6000,-0.2500
1999-03-01,-0.2300,0.3300,-2.0600,0.0500,0.2300,-0.5870,-0.0400,-0.5200,-0.9500,-1.3500,2.1000,-0.5600
1999-04-01,-0.1300,0.4500,-2.8000,0.0330,-0.9500,0.7800,-0.9000,-0.8700,-1.1100,-1.2100,2.3000,-0.5800
1999-05-01,0.1100,0.5300,-1.8700,0.1440,0.9200,1.4400,-0.6900,-0.8100,-1.1500,-1.0300,0.4000,-0.4200
1999-06-01,0.1500,0.4900,-0.8300,0.1610,1.1200,1.4130,-0.7600,-0.9000,-1.1900,-1.0100,0.4000,-0.3400
1999-07-01,0.1700,0.6400,-1.1000,0.1790,-0.9000,-1.7990,-0.2300,-0.7600,-1.1700,-1.1400,0.9000,-0.4700
1999-08-01,0.3400,0.5500,0.9400,0.2880,0.3900,-2.8630,-0.1100,-0.8400,-1.2200,-1.1000,0.6000,-0.2100
1999-09-01,0.3800,0.2400,2.3500,0.1660,0.3600,0.1140,-1.0500,-1.1100,-1.0900,-0.9700,-0.1000,0.1400
1999-10-01,0.2500,0.2800,2.2000,-0.0020,0.2000,-0.4370,-0.8600,-1.3800,-1.2300,-0.9700,1.6000,-0.0300
1999-11-01,0.1300,0.3300,2.2900,-0.0670,0.6500,0.9970,-1.2300,-1.5000,-1.5800,-1.2700,1.7000,-0.2000
1999-12-01,0.2700,0.3600,3.6600,-0.0040,1.6100,2.2290,-0.6400,-1.5500,-1.7400,-1.3600,2.4000,-0.0900
2000-01-01,-0.1800,0.2100,1.1900,-0.1020,0.6000,0.0020,-0.7600,-1.6600,-1.7700,-1.3300,1.1000,-0.3900
2000-02-01,-0.1000,0.3900,-0.3800,-0.0570,1.7000,3.6530,-0.6200,-1.1400,-1.5500,-1.4700,2.7000,-0.4900
2000-03-01,0.0600,0.4000,0.3100,0.0850,0.7700,0.6990,-0.4700,-0.5000,-0.9800,-1.4300,2.2000,-0.3400
2000-04-01,-0.0100,0.3700,-1.4100,0.0230,-0.0300,-3.9710,-0.0400,-0.1700,-0.8700,-1.4300,2.0000,-0.3800
2000-05-01,-0.0600,0.2900,-1.9900,0.0860,1.5800,0.7600,-0.4000,-0.3700,-0.8600,-1.2900,0.6000,-0.3500
2000-06-01,-0.1600,0.2000,-2.3000,-0.0370,-0.0300,0.2480,-0.3800,-0.5900,-0.7900,-0.9100,-0.3000,-0.3600
2000-07-01,0.0100,0.1500,-1.0500,0.0530,-1.0300,-2.4850,-0.2800,-0.6200,-0.6700,-0.7300,-0.3000,-0.1400
2000-08-01,0.1500,0.2000,-0.3800,0.0840,-0.2900,0.4140,-0.5700,-0.4800,-0.4900,-0.6200,1.2000,-0.0500
2000-09-01,0.0200,0.0200,-0.1200,0.0830,-0.2100,0.1260,-0.2300,-0.3200,-0.5200,-0.4900,1.4000,0.0000
2000-10-01,0.0000,0.1000,0.1500,-0.0590,0.9200,2.7870,-0.2700,-0.5000,-0.7000,-0.6500,1.8000,-0.1000
2000-11-01,-0.1200,0.0700,0.3900,-0.0720,-0.9200,0.1090,-1.1900,-0.7000,-0.7900,-0.7700,3.0000,-0.1900
2000-12-01,-0.1900,-0.0100,0.2400,-0.1460,-0.5800,-2.2920,-0.9600,-0.6600,-0.9200,-0.9500,1.3000,-0.1800
2001-01-01,-0.1300,0.1600,0.4000,-0.1460,0.2500,-0.4600,-0.6300,-0.4200,-0.7300,-0.8900,1.6000,-0.2900
2001-02-01,-0.1500,0.1700,-0.0600,-0.0460,0.4500,-0.2760,-0.4800,-0.2800,-0.6300,-0.8200,2.8000,-0.3200
2001-03-01,0.1500,0.2900,0.1500,-0.0050,-1.2600,-0.9880,0.1700,-0.0100,-0.4800,-0.7100,1.5000,-0.1400
2001-04-01,0.0500,0.3800,-1.4500,-0.0310,0.0000,1.7720,0.1800,-0.1200,-0.4900,-0.5900,0.3000,-0.3300
2001-05-01,0.0600,0.4700,-2.0800,-0.0280,-0.0200,-0.1580,-0.7100,-0.1400,-0.3400,-0.3900,-0.8000,-0.4100
2001-06-01,0.2400,0.3600,-0.6400,0.1790,-0.2000,-0.5200,-0.8500,-0.2800,-0.1900,-0.1700,0.5000,-0.1200
2001-07-01,0.3000,0.1500,0.4100,0.1160,-0.2500,-0.4790,-0.5800,-0.2700,-0.0400,0.0900,-0.3000,0.1500
2001-08-01,0.3400,0.1400,0.4100,0.1580,-0.0700,1.1020,-0.8400,-0.2200,-0.0500,0.0500,-0.7000,0.2000
2001-09-01,0.5100,0.1100,2.9300,0.2670,-0.6500,-3.5530,-1.1300,-0.5900,-0.2000,0.2100,0.3000,0.4000
2001-10-01,0.4800,0.2000,3.3100,0.2320,-0.2400,0.9510,-1.1300,-0.4300,-0.1400,0.1900,-0.1000,0.2800
2001-11-01,0.6200,0.1600,5.0300,0.1370,0.6300,0.8530,-0.8900,-0.6800,-0.3700,0.0800,1.1000,0.4600
2001-12-01,0.6600,0.0100,5.5400,0.1940,-0.8300,-2.7690,-1.0200,-0.6200,-0.4100,0.1200,-1.4000,0.6500
2002-01-01,0.7800,0.1400,6.0500,0.1620,0.4400,1.7170,-0.7800,-0.4900,-0.1500,0.4000,0.7000,0.6400
2002-02-01,0.5300,-0.0600,4.3000,0.1460,1.1000,2.0630,-0.0700,-0.2400,-0.0400,0.4600,1.8000,0.5900
2002-03-01,0.3700,0.2900,2.1400,0.1250,0.6900,-0.0350,0.7700,0.1400,0.0100,0.2500,-0.4000,0.0800
2002-04-01,-0.0200,0.3100,-2.3800,0.0080,1.1800,0.7160,0.8200,0.0000,0.0200,0.4100,-0.1000,-0.3300
2002-05-01,-0.1900,0.4900,-4.3900,-0.0680,-0.2200,1.8710,0.6300,0.2600,0.3100,0.6000,-1.4000,-0.6800
2002-06-01,-0.1300,0.3300,-4.4300,-0.1360,0.3800,1.6670,0.3800,0.5700,0.7200,0.6400,-0.4000,-0.4600
2002-07-01,-0.0600,0.4700,-3.5600,-0.0850,0.6200,0.0430,-0.2300,0.3900,0.7400,0.6300,-0.8000,-0.5300
2002-08-01,-0.0400,0.0100,-1.9900,0.0870,0.3800,-0.4070,-0.2600,0.5100,0.8700,0.6400,-1.6000,-0.0500
2002-09-01,0.0700,-0.0800,-0.7300,0.0600,-0.7000,-3.3150,0.2000,0.8600,1.0900,0.6100,-1.0000,0.1500
2002-10-01,0.3600,0.1400,1.1400,0.0920,-2.2800,-1.0060,0.3700,0.9900,1.2500,0.6500,-0.6000,0.2200
2002-11-01,0.2200,-0.0700,0.9100,0.0000,-0.1800,0.6320,0.9700,1.3000,1.4700,0.8500,-0.7000,0.2900
2002-12-01,0.2000,0.3500,-0.4500,-0.0150,-0.9400,-1.3770,1.1000,1.2100,1.3700,0.8400,-1.8000,-0.1500
2003-01-01,0.2700,0.5600,0.1300,0.0310,0.1600,0.2720,0.1300,0.5700,0.6000,0.5700,-0.3000,-0.2900
2003-02-01,0.0000,0.5700,-1.6000,-0.0320,0.6200,1.0970,-0.1200,0.4400,0.6400,0.6900,-1.1000,-0.5700
2003-03-01,0.0400,0.6300,-3.1000,0.0930,0.3200,1.0380,-0.0700,0.1900,0.3600,0.6000,-0.5000,-0.5900
2003-04-01,0.0000,0.4200,-1.7900,0.0600,-0.1800,-1.8940,-0.5600,-0.4400,-0.1400,0.3300,-0.2000,-0.4200
2003-05-01,0.0600,0.3700,-1.5100,0.1320,0.0100,1.7850,-1.6500,-0.9600,-0.6100,-0.0500,-0.5000,-0.3100
2003-06-01,0.2200,0.1000,-0.1100,0.1860,-0.0700,-1.1440,-1.3500,-0.5900,-0.2900,0.1000,-1.0000,0.1200
2003-07-01,0.3600,0.4000,-0.1600,0.2570,0.1300,0.6130,-1.0100,0.1200,0.2100,0.1900,0.5000,-0.0400
2003-08-01,0.5900,0.4900,1.3700,0.3960,-0.0700,-1.9650,0.0100,0.2600,0.2600,0.1900,0.2000,0.1000
2003-09-01,0.6600,0.4900,2.6700,0.4320,0.0100,0.2050,-0.4500,0.1500,0.2700,0.1800,-0.2000,0.1700
2003-10-01,0.8000,0.5300,3.8200,0.4070,-1.2600,-3.0980,0.2300,0.4000,0.4200,0.3600,0.0000,0.2700
2003-11-01,0.4800,0.5500,2.1700,0.2040,0.8600,0.7780,0.2800,0.6400,0.3300,0.3700,-0.5000,-0.0700
2003-12-01,0.4900,0.5600,1.9800,0.2050,0.6400,-0.7230,0.2200,0.7700,0.4300,0.4300,1.8000,-0.0700
2004-01-01,0.5000,0.4100,2.8700,0.1910,-0.2900,0.6070,-0.2100,0.4200,0.2700,0.4300,-2.2000,0.0900
2004-02-01,0.5100,0.2200,3.0700,0.1900,-0.1400,-1.0230,-0.0700,0.3000,0.2300,0.3800,2.0000,0.2900
2004-03-01,0.3600,-0.0100,2.1700,0.1380,1.0200,1.8640,-0.7400,0.1300,0.1200,0.1000,0.7000,0.3700
2004-04-01,0.4600,-0.2600,2.7200,0.0890,1.1500,1.1130,-0.5700,-0.0700,0.0700,0.0900,-1.5000,0.7200
2004-05-01,0.1700,-0.1200,0.9000,-0.0140,0.1900,0.3380,-1.5900,-0.4500,0.0600,0.1100,1.7000,0.2900
2004-06-01,0.2700,-0.0800,1.2200,0.1580,-0.8900,0.0990,-1.0700,-0.2600,0.1300,0.2200,-1.4000,0.3500
2004-07-01,0.4600,0.0800,1.8200,0.2080,1.1300,-0.1130,-0.7800,-0.0200,0.4900,0.4200,-0.8000,0.3800
2004-08-01,0.6800,0.2200,3.7000,0.2970,-0.4800,-1.1560,-0.7500,0.2400,0.7600,0.5500,-0.5000,0.4600
2004-09-01,0.5900,0.3300,2.9600,0.2210,0.3800,1.3490,-0.2700,0.4500,0.8100,0.6900,-0.6000,0.2600
2004-10-01,0.6200,0.1400,4.1000,0.2220,-1.1000,-1.6740,0.1500,0.5400,0.7300,0.7000,-0.1000,0.4800
2004-11-01,0.6300,0.2400,4.8800,0.2010,0.7300,-0.1970,0.7200,0.6300,0.6600,0.7600,-1.1000,0.3900
2004-12-01,0.5300,0.4300,3.7800,0.1680,1.2100,1.4810,0.3600,0.6900,0.7400,0.8700,-1.3000,0.1000
2005-01-01,0.4600,0.6100,2.3900,0.0910,1.5200,1.6450,-0.0200,0.3200,0.6600,0.8800,0.6000,-0.1500
2005-02-01,0.3800,0.4900,1.4300,0.1060,-0.0600,-1.2250,-0.9400,-0.0900,0.3600,0.6700,-5.2000,-0.1100
2005-03-01,0.6800,0.6100,2.2700,0.2640,-1.8300,-1.3390,-1.4600,-0.0700,0.4500,0.6100,0.5000,0.0700
2005-04-01,0.8100,0.2900,3.8200,0.2720,-0.3000,0.7940,-0.4200,-0.0500,0.2600,0.4200,-1.0000,0.5200
2005-05-01,1.0100,-0.0600,4.5800,0.2730,-1.2500,-0.9360,-0.3800,0.1600,0.3000,0.2900,-1.3000,1.0700
2005-06-01,0.9200,-0.2600,5.5500,0.3070,-0.0500,-2.8050,-0.7700,0.0600,0.0400,0.1700,0.7000,1.1800
2005-07-01,0.8400,-0.3200,4.0300,0.4270,-0.5100,-1.7180,-0.3500,0.1000,-0.2300,-0.1100,0.3000,1.1600
2005-08-01,0.7400,0.0100,3.3100,0.4200,0.3700,-0.9350,-0.4000,0.1800,-0.0500,-0.0600,-0.6000,0.7300
2005-09-01,0.7300,-0.0900,4.0800,0.3990,0.6300,0.0310,-0.7400,-0.0800,-0.0400,0.0300,0.6000,0.8200
2005-10-01,0.5400,-0.0000,3.6300,0.2180,-0.9800,-1.1460,-1.2700,-0.3400,-0.0600,0.0900,2.0000,0.5400
2005-11-01,0.4000,-0.0700,3.6900,0.1200,-0.3100,-0.7690,-1.4300,-1.1300,-0.5900,-0.1400,-0.3000,0.4700
2005-12-01,0.5500,-0.0200,5.2900,0.1960,-0.4400,-0.9960,-0.9200,-1.2200,-0.9200,-0.2600,-0.0000,0.5700
2006-01-01,0.4100,0.0400,4.1700,0.1040,1.2700,0.2230,-0.3700,-0.8100,-0.9100,-0.5000,2.7000,0.3700
2006-02-01,0.1900,0.2300,1.2000,0.0550,-0.5100,-1.0100,0.2200,-0.3500,-0.6700,-0.6700,0.2000,-0.0400
2006-03-01,0.1800,0.4100,-0.2600,0.0400,-1.2800,-0.7650,-0.2900,-0.5500,-0.7100,-0.5900,2.9000,-0.2300
2006-04-01,0.4100,0.3100,1.3000,0.1770,1.2400,0.5750,-1.5000,-0.4200,-0.3200,-0.3400,1.8000,0.1000
2006-05-01,0.4300,0.2400,0.8300,0.2880,-1.1400,0.5510,-0.5600,-0.0800,-0.0900,-0.0600,-0.8000,0.1900
2006-06-01,0.5200,0.4100,0.0700,0.3130,0.8400,-1.1880,-0.2100,-0.0100,0.0000,0.0600,-0.4000,0.1100
2006-07-01,0.3600,0.3000,-0.5100,0.3540,0.9000,-0.3610,0.2000,0.0100,0.0100,0.2000,-1.0000,0.0600
2006-08-01,0.5300,0.3300,1.2700,0.3810,-1.7300,-2.9790,0.7000,0.3900,0.3100,0.4200,-1.7000,0.2000
2006-09-01,0.6900,0.2700,1.9900,0.3440,-1.6200,-0.5960,0.9700,0.8300,0.6000,0.6300,-1.0000,0.4200
2006-10-01,0.7400,0.2300,3.6900,0.3140,-2.2400,-2.0880,1.0500,0.8800,0.7000,0.6900,-2.1000,0.5100
2006-11-01,0.7100,0.0800,4.4900,0.2690,0.4400,1.5050,0.7900,0.9900,0.9900,0.9200,0.1000,0.6300
2006-12-01,0.4700,0.3200,2.4700,0.1510,1.3400,3.1150,0.7100,1.1400,1.1400,0.9200,-0.5000,0.1500
2007-01-01,0.4600,0.2400,2.2400,0.1510,0.2200,1.4540,0.6600,0.8700,0.7000,0.6500,-1.3000,0.2200
2007-02-01,0.5600,0.2100,2.9600,0.1970,-0.4700,-0.0680,0.1100,0.0800,0.1300,0.4600,-0.1000,0.3500
2007-03-01,0.3300,0.0400,1.9800,0.1070,1.4400,2.8170,-0.6400,-0.4000,-0.1800,0.3400,0.3000,0.2900
2007-04-01,0.4000,0.2400,0.9900,0.1390,0.1700,0.0290,-1.2200,-0.6300,-0.3200,0.1000,-0.2000,0.1600
2007-05-01,0.2100,0.2800,-0.2000,0.0910,0.6600,1.4400,-1.7900,-0.8800,-0.4700,-0.0800,-0.2000,-0.0700
2007-06-01,0.1600,0.4300,-0.4800,0.0680,-1.3100,-3.3610,-1.6100,-0.7200,-0.3500,-0.0700,0.9000,-0.2700
2007-07-01,0.0900,0.2300,-0.9900,0.1090,-0.5800,-0.7560,-0.9800,-0.9500,-0.5900,-0.2200,-0.5000,-0.1400
2007-08-01,0.0100,0.1500,-0.2400,0.0350,-0.1400,-2.7490,-1.2000,-1.1800,-0.7200,-0.3100,0.7000,-0.1400
2007-09-01,0.1100,0.2700,0.2000,0.0780,0.7200,-1.5040,-0.9700,-1.2700,-1.1100,-0.6500,0.3000,-0.1600
2007-10-01,0.2400,0.1100,2.4200,0.1380,0.4500,0.8310,-1.5200,-1.4300,-1.3900,-0.8500,1.2000,0.1300
2007-11-01,0.2400,0.1000,3.5000,0.1560,0.5800,-1.1540,-1.7300,-1.6200,-1.5400,-1.0900,1.4000,0.1400
2007-12-01,0.0900,0.2000,2.5800,0.0910,0.3400,1.2180,-1.6600,-1.6600,-1.5800,-1.1200,2.7000,-0.1100
2008-01-01,0.1400,0.1900,2.1500,0.0100,0.8900,1.4140,-0.4800,-1.4600,-1.6800,-1.4500,2.9000,-0.0500
2008-02-01,0.1700,0.3600,0.9800,0.1080,0.7300,0.6560,0.2200,-1.2400,-1.6700,-1.5800,4.4000,-0.1900
2008-03-01,0.2700,0.6000,0.1200,0.1380,0.0800,1.2210,0.3900,-0.7500,-1.2100,-1.3500,2.4000,-0.3300
2008-04-01,0.0900,0.6400,-1.8700,0.0220,-1.0700,-2.5870,0.4100,-0.4600,-0.9900,-1.1600,1.1000,-0.5500
2008-05-01,0.2800,0.8200,-0.6400,0.1520,-1.7300,-2.6710,0.5400,-0.2500,-0.8400,-1.1100,-0.1000,-0.5400
2008-06-01,0.3900,0.7000,-0.5900,0.2360,-1.3900,-1.5350,0.5500,-0.1600,-0.6800,-1.0100,1.0000,-0.3100
2008-07-01,0.4500,0.6600,-0.4100,0.1860,-1.2700,-0.3980,0.9900,0.2800,-0.3000,-0.8300,0.5000,-0.2100
2008-08-01,0.4500,0.5100,0.0800,0.1550,-1.1600,0.4440,1.4000,0.5000,-0.1300,-0.7500,1.7000,-0.0600
2008-09-01,0.5700,0.2800,2.0900,0.1780,1.0200,-1.2650,1.0200,0.3000,-0.2500,-0.6800,2.0000,0.2900
2008-10-01,0.4300,0.2700,2.8100,0.0820,-0.0400,1.3090,0.3500,0.0900,-0.3500,-0.5900,2.1000,0.1600
2008-11-01,0.2700,0.3100,1.8400,-0.0190,-0.3200,-0.1160,-0.2800,-0.1200,-0.4600,-0.7200,2.2000,-0.0400
2008-12-01,0.2600,0.4200,1.8900,-0.0020,-0.2800,-0.3030,-0.4500,-0.5600,-0.8600,-0.8100,2.4000,-0.1600
2009-01-01,0.0700,0.4500,0.6700,-0.0790,-0.0100,0.8530,-0.1700,-0.5100,-0.8900,-0.9500,1.8000,-0.3800
2009-02-01,-0.3700,0.3500,-2.7900,-0.1850,0.0600,-1.2220,-0.6800,-0.5700,-0.7900,-0.8500,3.1000,-0.7200
2009-03-01,-0.3400,0.5400,-3.7200,-0.1800,0.5700,0.8550,-0.8100,-0.7100,-0.6900,-0.5800,0.7000,-0.8800
2009-04-01,-0.3100,0.5200,-4.0300,-0.1510,-0.2000,2.6650,0.4100,-0.1700,-0.3500,-0.2600,1.3000,-0.8300
2009-05-01,-0.2300,0.7900,-5.2900,-0.0820,1.6800,2.8950,0.3400,0.2900,0.0600,-0.0100,-0.2000,-1.0200
2009-06-01,0.0500,0.5900,-3.6000,0.1010,-1.2100,-2.6100,0.6500,0.5600,0.3100,0.1800,0.2000,-0.5400
2009-07-01,0.4500,0.3900,0.1100,0.2080,-2.1500,0.2690,0.7500,0.6900,0.4800,0.2900,0.4000,0.0600
2009-08-01,0.4100,0.2400,0.3300,0.1320,-0.1900,0.4430,0.8400,0.8000,0.5600,0.4400,-0.3000,0.1700
2009-09-01,0.3500,0.1900,0.4500,0.0370,1.5100,-0.0090,0.5100,0.7800,0.6800,0.5700,0.5000,0.1600
2009-10-01,0.6300,0.4500,2.5600,0.1440,-1.0300,-0.9670,0.3200,0.7800,0.8900,0.9200,-2.0000,0.1800
2009-11-01,0.5100,0.3000,2.5300,0.0490,-0.0200,2.1620,0.3300,1.0800,1.4600,1.1200,-1.0000,0.2100
2009-12-01,0.5400,0.7000,1.0100,0.0620,-1.9300,-4.0980,0.6000,1.3300,1.7400,1.1800,-1.2000,-0.1600
2010-01-01,0.8000,0.7900,1.9800,0.0190,-1.1100,-2.4250,0.2800,1.0700,1.5200,1.1200,-1.8000,0.0100
2010-02-01,1.0700,0.6800,3.9600,0.1570,-1.9800,-3.9460,0.1200,0.8800,1.2500,0.8800,-2.4000,0.3900
2010-03-01,1.2700,0.8900,5.0100,0.2670,-0.8800,-0.8550,0.0700,0.5500,0.9000,0.7500,-1.1000,0.3800
2010-04-01,1.4000,0.6800,5.3000,0.4050,-0.7200,-1.5620,-0.1100,0.2700,0.3800,0.5000,2.0000,0.7200
2010-05-01,1.3500,0.6200,6.1100,0.4390,-1.4900,-1.6140,0.2400,-0.1700,-0.2200,0.1000,1.5000,0.7300
2010-06-01,1.1100,0.8500,4.1700,0.4270,-0.8200,-3.3200,0.0100,-0.7100,-0.6900,-0.3100,0.6000,0.2600
2010-07-01,1.0100,0.6000,3.8400,0.4290,-0.4200,-0.5760,-1.0300,-1.0100,-1.0700,-0.7900,3.0000,0.4100
2010-08-01,0.9700,0.4800,4.1900,0.5050,-1.2200,-3.0500,-1.3100,-1.1400,-1.3900,-1.2500,3.0000,0.4900
2010-09-01,0.7500,0.2300,4.9200,0.4280,-0.7900,-1.8670,-1.2200,-1.2900,-1.6000,-1.4400,3.7000,0.5200
2010-10-01,0.7700,0.4300,6.1100,0.3030,-0.9300,-1.6080,-1.2800,-1.4800,-1.6900,-1.6100,2.9000,0.3400
2010-11-01,0.7000,0.4000,6.3200,0.2150,-1.6200,-2.1230,-1.3100,-1.5200,-1.6400,-1.5900,2.1000,0.3000
2010-12-01,0.9600,0.4100,7.8000,0.1870,-1.8500,-5.3300,-0.9000,-1.5000,-1.6000,-1.4500,4.8000,0.5500
2011-01-01,0.9700,0.4500,7.0100,0.1230,-0.8800,-1.7040,-0.4800,-1.2600,-1.5400,-1.4000,3.8000,0.5200
2011-02-01,0.5300,0.5900,3.3000,0.0870,0.7000,2.2880,-0.1600,-0.7700,-1.1100,-1.0500,4.5000,-0.0600
2011-03-01,0.4100,0.7200,1.3700,0.0340,0.6100,0.1510,-0.8800,-0.7300,-0.9300,-0.8100,4.2000,-0.3100
2011-04-01,0.3300,0.4900,0.1600,0.0710,2.4800,1.2510,-0.1900,-0.3300,-0.7700,-0.7400,3.1000,-0.1600
2011-05-01,0.4000,0.3000,0.9600,0.1310,-0.0600,0.7850,0.1100,-0.2900,-0.5200,-0.5700,0.6000,0.1000
2011-06-01,0.5900,0.2000,1.8700,0.1570,-1.2800,-1.2030,0.3000,-0.1200,-0.3800,-0.5100,0.4000,0.3900
2011-07-01,0.4300,0.2700,0.9700,0.0710,-1.5100,-2.2310,0.1000,-0.2000,-0.4300,-0.4800,1.6000,0.1600
2011-08-01,0.4900,0.2000,0.7800,0.1260,-1.3500,-2.2680,-0.2100,-0.3900,-0.6500,-0.6300,0.7000,0.2900
2011-09-01,0.3600,0.2400,2.2400,0.1230,0.5400,1.8970,-0.7400,-0.6100,-0.8000,-0.7600,1.7000,0.1200
2011-10-01,0.4400,0.2800,3.3200,0.0420,0.3900,1.3920,-0.7800,-1.0600,-1.0500,-0.9000,1.2000,0.1600
2011-11-01,0.2100,-0.0500,3.3600,-0.0920,1.3600,0.7220,-0.5700,-1.1200,-1.1900,-0.9000,1.8000,0.2600
2011-12-01,0.2300,-0.4800,4.4700,-0.0660,2.5200,3.2880,-0.6800,-0.9200,-1.0600,-1.0100,4.1000,0.7100
2012-01-01,0.1600,-0.3200,3.1300,-0.0860,1.1700,,-0.1800,-0.5700,-0.8700,-1.0200,1.8000,0.4800
2012-02-01,-0.0200,-0.5100,1.3300,-0.0170,0.4200,,0.3600,-0.1900,-0.6700,-0.9100,0.8000,0.4900
2012-03-01,-0.2600,-0.0800,-2.1800,0.0050,1.2700,,0.1600,-0.1800,-0.6100,-0.7700,1.2000,-0.1800
2012-04-01,-0.1700,-0.3300,-1.2300,0.0590,0.4700,,0.9000,-0.0200,-0.5000,-0.5900,-0.4000,0.1600
2012-05-01,0.0900,-0.0400,-0.8500,0.1430,-0.9100,,0.8700,0.0900,-0.3200,-0.5200,0.1000,0.1300
2012-06-01,0.3100,0.0400,0.4800,0.2790,-2.5300,,1.0200,0.4400,0.0200,-0.3900,-0.7000,0.2700
2012-07-01,0.3000,-0.0300,0.7400,0.3540,-1.3200,,0.4000,0.5700,0.2500,-0.2600,-0.1000,0.3300
2012-08-01,0.5200,-0.0800,2.0500,0.4100,-0.9800,,0.0700,0.5200,0.4700,0.0800,-0.3000,0.6000
2012-09-01,0.7200,0.0200,3.4900,0.4270,-0.5900,,0.0600,0.3400,0.3800,0.2100,0.4000,0.7000
2012-10-01,0.7800,0.0300,4.9700,0.3080,-2.0600,,-0.3700,0.0200,0.2600,0.3100,0.5000,0.7500
2012-11-01,0.7500,0.0300,5.3500,0.1440,-0.5800,,-0.4100,-0.0200,0.1600,0.3000,0.4000,0.7200
2012-12-01,0.5500,0.1800,3.9200,0.1200,0.1700,,-0.8500,-0.4200,-0.2500,0.0600,-1.0000,0.3700
2013-01-01,0.4400,0.3900,2.8600,0.1070,0.3500,,-0.6800,-0.6600,-0.5300,-0.0800,-0.1000,0.0500
2013-02-01,0.4000,0.2500,1.6300,0.0940,-0.4500,,-0.7300,-0.5600,-0.5200,-0.1900,-0.4000,0.1500
2013-03-01,0.7100,0.2600,3.7200,0.1370,-1.6100,,-0.6700,-0.1200,-0.2500,-0.3700,2.5000,0.4500
2013-04-01,0.5300,0.3500,2.2200,0.1150,0.6900,,-1.2300,-0.3600,-0.2500,-0.2700,0.4000,0.1800
2013-05-01,0.6400,0.4800,3.1200,0.0800,0.5700,,-1.5800,-0.8200,-0.4000,-0.2300,1.3000,0.1600
2013-06-01,0.3200,0.2800,0.8600,0.0250,0.5200,,-1.9100,-0.8900,-0.4200,-0.2000,2.0000,0.0400
2013-07-01,0.3400,0.2300,0.7500,0.1690,0.6700,,-1.6000,-0.7000,-0.3900,-0.2400,1.3000,0.1100
2013-08-01,0.5600,0.2500,1.6300,0.1730,0.9700,,-1.1600,-0.6500,-0.3800,-0.1800,0.3000,0.3100
2013-09-01,0.6100,0.0300,2.9000,0.2330,0.2400,,-0.7700,-0.3300,-0.1800,-0.1100,0.5000,0.5800
2013-10-01,0.6600,0.0400,4.4800,0.3250,-1.2800,,-0.7500,-0.1900,-0.2000,-0.0400,-0.1000,0.6200
2013-11-01,0.3200,-0.0700,3.0600,0.1070,0.9000,,-0.5600,-0.2000,-0.1400,0.0400,1.2000,0.3900
2013-12-01,0.2700,0.1100,2.8500,0.0150,0.9500,,-0.4400,-0.1300,-0.1700,-0.0600,0.1000,0.1600
2014-01-01,0.1300,0.1100,0.7700,-0.0830,0.2900,,-0.0100,-0.4300,-0.4900,-0.1800,2.4000,0.0200
2014-02-01,-0.0800,0.2200,-1.9200,-0.0640,1.3400,,-0.6100,-0.7900,-0.6200,0.0700,0.1000,-0.3000
2014-03-01,-0.3500,0.2200,-4.4000,-0.1030,0.8000,,-0.3100,-0.3200,-0.2800,0.2800,-1.5000,-0.5700
2014-04-01,-0.2100,0.2300,-3.6800,-0.1160,0.3100,,-0.0300,0.0600,0.0800,0.3500,1.3000,-0.4400
2014-05-01,-0.0600,0.4800,-3.8000,-0.0230,-0.9200,,1.0600,0.3800,0.3200,0.5300,0.9000,-0.5400
2014-06-01,-0.0500,0.4700,-4.2900,0.0400,-0.9700,,1.5400,0.5300,0.2300,0.3900,0.3000,-0.5200
2014-07-01,0.1400,0.1700,-2.1300,0.2000,0.1800,,0.9800,0.3100,-0.0600,0.1400,-0.3000,-0.0300
2014-08-01,0.2300,0.2400,-0.3400,0.3130,-1.6800,,0.8900,0.1800,-0.0300,0.2500,-1.2000,-0.0100
2014-09-01,0.5100,0.2600,1.8000,0.2880,1.6200,,0.8000,0.3700,0.2900,0.3900,-1.2000,0.2500
2014-10-01,0.5600,0.1600,3.1800,0.2700,-1.2700,,0.6900,0.5800,0.4400,0.4800,-1.0000,0.4000
2014-11-01,0.3500,-0.3200,3.1000,0.0430,0.6800,,0.8000,0.7700,0.7500,0.7300,-1.5000,0.6700
2014-12-01,0.3400,-0.1200,1.3500,0.0370,1.8600,,0.4100,0.6800,0.7100,0.7600,-0.9000,0.4600
2015-01-01,0.1700,0.4300,-0.8000,-0.0300,1.7900,,-0.1600,0.3500,0.5100,0.7500,-1.4000,-0.2600
2015-02-01,0.1100,0.4200,-1.7800,-0.0260,1.3200,,-0.5300,0.0500,0.4200,0.8700,0.4000,-0.3100
2015-03-01,-0.1100,0.2300,-4.2300,-0.1510,1.4500,,0.0900,0.1000,0.4700,0.9000,-1.2000,-0.3400
2015-04-01,-0.2400,0.3600,-5.6500,-0.0930,0.7300,,1.0000,0.6300,0.7000,0.9800,-0.1000,-0.6000
2015-05-01,0.0800,0.4600,-4.0800,0.0230,0.1500,,1.5500,0.9400,0.9200,0.9400,-1.2000,-0.3800
2015-06-01,-0.0700,0.3800,-4.1300,0.0070,-0.0700,,2.1900,1.4500,1.1800,0.9200,-0.9000,-0.4500
2015-07-01,0.1600,0.0700,-1.6000,0.1100,-3.1800,,2.5400,1.8500,1.4600,0.8800,-1.9000,0.0900
2015-08-01,0.4300,-0.1100,1.1000,0.1560,-0.7600,,1.6500,2.0900,1.9300,0.9900,-2.4000,0.5400
2015-09-01,0.7200,-0.0400,2.4400,0.2780,-0.6500,,2.2800,2.5000,2.2100,1.0600,-2.7000,0.7600
2015-10-01,0.9300,0.2800,3.9500,0.3020,0.4400,,2.1200,2.6200,2.3600,1.0800,-2.8000,0.6500
2015-11-01,0.4900,0.3700,1.0800,0.1640,1.7400,,2.2800,2.8400,2.7200,1.4400,-0.8000,0.1200
2015-12-01,0.4200,0.7000,-0.5800,0.2070,2.2400,,2.2100,2.8400,2.6600,1.3700,-0.9000,-0.2800
2016-01-01,0.5000,0.8100,-0.5600,0.2090,0.1200,,1.7900,2.5900,2.5700,1.2200,-3.6000,-0.3100
2016-02-01,0.4500,0.5900,-0.6600,0.1330,1.5800,,1.3000,1.9700,2.2600,1.2200,-3.2000,-0.1400
2016-03-01,0.3900,0.6000,-1.4000,0.1660,0.7300,,1.3500,1.5300,1.6200,1.0700,-0.1000,-0.2100
2016-04-01,0.3200,0.3900,-1.5800,0.1550,0.3800,,0.4500,0.6200,0.9100,0.7400,-2.0000,-0.0700
2016-05-01,0.3800,0.3500,0.0900,0.3220,-0.7700,,0.4900,-0.0300,0.3000,0.5300,0.7000,0.0300
2016-06-01,0.3900,0.6800,-0.1000,0.3870,-0.4300,,0.6400,-0.1400,-0.0300,0.3900,1.1000,-0.2900
2016-07-01,0.3700,0.6300,-0.1400,0.4100,-1.7600,,0.2500,-0.6100,-0.4800,0.1500,0.7000,-0.2600
2016-08-01,0.4900,0.5200,1.0900,0.4340,-1.6500,,0.2400,-0.5300,-0.5800,-0.0600,1.2000,-0.0300
2016-09-01,0.3900,0.2600,2.1100,0.4350,0.6100,,0.5700,-0.2600,-0.5800,-0.2500,2.0000,0.1300
2016-10-01,0.5500,0.4600,2.6500,0.3580,0.4100,,0.3400,-0.5600,-0.7400,-0.4400,-0.4000,0.0900
2016-11-01,0.4600,0.2800,3.5700,0.3680,-0.1600,,0.1200,-0.6200,-0.7600,-0.4600,-0.2000,0.1800
2016-12-01,0.5200,0.6700,2.8700,0.3130,0.4800,,0.4300,-0.4700,-0.5000,-0.1900,0.5000,-0.1500
2017-01-01,0.4900,0.5800,1.6900,0.2030,0.4800,,0.9300,-0.0800,-0.4300,-0.1600,0.3000,-0.0900
2017-02-01,0.2300,0.0900,0.8200,0.2040,1.0000,,1.3600,0.4200,-0.0800,-0.0900,-0.1000,0.1400
2017-03-01,0.1300,0.2900,-1.0700,0.1450,0.7400,,1.6100,0.3500,0.0300,-0.0300,1.5000,-0.1600
2017-04-01,0.4700,0.4000,0.1300,0.2600,1.7300,,1.0500,0.4500,0.2200,0.0600,-0.3000,0.0700
2017-05-01,0.5800,0.4700,2.1600,0.2920,-1.9100,,0.2100,0.2900,0.3700,0.1900,0.4000,0.1100
2017-06-01,0.6000,0.5700,1.1600,0.2850,0.0500,,-0.2400,0.0600,0.3400,0.3200,-0.7000,0.0300
2017-07-01,0.6000,0.3500,2.1000,0.2800,1.2600,,-0.3200,0.0400,0.2500,0.2600,1.3000,0.2500
2017-08-01,0.6700,0.5900,1.9300,0.2870,-1.1000,,-0.3400,-0.2500,-0.1600,0.0800,0.9000,0.0800
2017-09-01,0.5200,0.2700,3.1000,0.3280,-0.6100,,-0.8100,-0.7200,-0.4300,-0.0400,1.0000,0.2500
2017-10-01,0.4500,0.4200,2.9400,0.4110,0.1900,,-0.8100,-0.7200,-0.5600,-0.2000,1.5000,0.0300
2017-11-01,0.5300,0.2000,4.4800,0.3290,-0.0000,,-1.2000,-1.0800,-0.9700,-0.4000,1.5000,0.3300
2017-12-01,0.5400,0.1700,6.1400,0.3410,0.8800,,-1.4200,-1.2200,-0.9800,-0.5200,-0.2000,0.3700
2018-01-01,0.2800,0.6200,2.1200,0.1500,1.4400,,-1.1200,-1.1800,-0.9800,-0.4400,1.8000,-0.3400
2018-02-01,-0.0900,-0.0100,-0.2200,0.0400,1.5800,,-0.9700,-0.9000,-0.7800,-0.3500,-0.8000,-0.0800
2018-03-01,0.0200,0.1700,0.5600,0.1090,-0.9300,,-1.3500,-0.9300,-0.8000,-0.2200,2.4000,-0.1500
2018-04-01,-0.1700,0.2800,-2.9000,0.0410,1.2400,,-1.0300,-0.6200,-0.5100,0.0200,0.8000,-0.4500
2018-05-01,-0.4000,0.2800,-4.7200,-0.0230,2.1200,,-0.7500,-0.3300,-0.2000,0.1600,0.6000,-0.6800
2018-06-01,-0.4800,0.4600,-6.4800,-0.0340,1.0900,,-0.7200,0.0100,0.0400,0.2400,-0.2000,-0.9400
2018-07-01,-0.2100,0.3700,-4.7200,-0.0050,1.3900,,-0.4000,0.1100,0.1200,0.2300,0.4000,-0.5800
2018-08-01,0.0100,0.4100,-1.3600,0.0900,1.9700,,-0.2700,-0.0600,0.0900,0.4500,-0.5000,-0.4000
2018-09-01,0.3300,0.3600,-0.7800,0.1390,1.6700,,-0.0800,0.3500,0.4700,0.5800,-1.5000,-0.0300
2018-10-01,0.2900,0.5300,0.9900,0.1210,0.9300,,0.1600,0.7500,0.9000,0.9500,0.6000,-0.2400
2018-11-01,-0.0100,0.3900,-0.6800,-0.1430,-0.1100,,0.8100,0.9000,0.9000,0.9200,-0.1000,-0.4000
2018-12-01,-0.0400,0.6600,-1.8300,-0.0830,0.6100,,1.0500,0.9200,0.8900,0.9100,1.7000,-0.7000
2019-01-01,0.0800,0.7500,-0.7000,-0.0370,0.5900,,0.8300,0.6000,0.6500,0.7600,-0.1000,-0.6700
2019-02-01,0.1400,0.6800,-0.0300,0.0580,0.2900,,0.5200,0.5900,0.7100,0.7100,-2.3000,-0.5400
2019-03-01,0.0100,1.0200,-3.0100,0.0990,1.2300,,0.1200,0.6400,0.8100,0.6400,-0.5000,-1.0100
2019-04-01,-0.0200,0.6500,-3.5400,0.1010,0.4700,,0.3000,0.5500,0.6200,0.5200,0.2000,-0.6700
2019-05-01,0.1200,0.6500,-2.0800,0.0650,-2.6200,,0.2000,0.5000,0.5500,0.5400,-0.7000,-0.5300
2019-06-01,0.3000,0.5800,-1.3500,0.1510,-1.0900,,-0.3400,0.2000,0.4500,0.6100,-0.7000,-0.2800
2019-07-01,0.3700,0.5000,-0.1400,0.3290,-1.4300,,-0.6900,-0.1000,0.3500,0.7600,-0.6000,-0.1300
2019-08-01,0.4200,0.4100,0.3300,0.3150,-1.1700,,-0.7600,-0.3200,0.0400,0.6500,-0.2000,0.0100
2019-09-01,0.5700,0.4800,2.3300,0.2230,-0.1600,,-0.7100,-0.2700,0.0300,0.5800,-1.9000,0.0900
2019-10-01,0.4400,0.4700,2.2500,0.1360,-1.4100,,-0.7400,0.1600,0.4800,0.7500,-0.6000,-0.0300
2019-11-01,0.2600,1.0600,-0.0200,0.0870,0.2800,,-0.1100,0.3300,0.5200,0.7600,-1.4000,-0.8000
2019-12-01,0.2500,1.0700,-1.1900,0.1420,1.2000,,-0.0400,0.2400,0.5200,0.8700,-0.9000,-0.8200
2020-01-01,0.2500,1.2800,-1.8700,0.0730,1.3400,,-0.3700,0.2200,0.6000,0.8500,0.3000,-1.0300
2020-02-01,0.5000,0.8400,-1.5100,0.3330,1.2600,,0.0200,0.1000,0.3700,0.7800,-0.1000,-0.3400
2020-03-01,0.7300,0.6600,-0.4900,0.3460,1.0100,,-0.0600,0.2000,0.4800,0.7500,-0.2000,0.0700
2020-04-01,0.6200,0.7200,0.1900,0.3470,-1.0200,,0.2800,0.2700,0.3600,0.5200,0.3000,-0.1000
2020-05-01,0.5200,0.8800,-1.0400,0.2430,-0.4100,,-0.1400,-0.3300,-0.2700,0.0900,0.7000,-0.3600
2020-06-01,0.7200,0.6000,0.5200,0.2490,-0.1500,,-0.7000,-0.6900,-0.3400,0.1200,-0.6000,0.1200
2020-07-01,0.6500,0.5500,-0.5900,0.3410,-1.2300,,-1.2800,-0.5900,-0.3000,-0.0100,0.7000,0.1000
2020-08-01,0.5900,0.5000,0.2900,0.4250,0.1200,,-1.0500,-0.6100,-0.5900,-0.3100,1.8000,0.0900
2020-09-01,0.5200,0.2400,1.9000,0.2960,0.9800,,-1.2200,-0.9900,-0.8300,-0.5500,1.5000,0.2800
2020-10-01,0.6100,0.4000,3.7700,0.2890,-0.6500,,-0.6000,-1.1000,-1.2600,-0.8000,0.8000,0.2100
2020-11-01,0.3900,0.1200,2.9200,0.1130,2.5400,,-0.5800,-1.2100,-1.4200,-0.9000,1.1000,0.2700
2020-12-01,0.4600,-0.1100,3.6000,0.1630,-0.3000,,-0.6000,-0.8200,-1.1500,-1.0000,3.0000,0.5700
2021-01-01,0.5200,0.2100,3.3900,0.1260,-1.1100,,-0.8800,-0.6200,-1.0000,-1.0500,3.2000,0.3100
2021-02-01,0.4100,-0.0600,1.9700,0.1390,0.1400,,-0.8600,-0.7300,-1.0000,-0.9600,2.5000,0.4700
2021-03-01,0.1400,0.1400,0.1600,0.1120,0.7300,,-0.7500,-0.6900,-0.8000,-0.6500,0.6000,0.0000
2021-04-01,0.3200,0.3700,-0.9700,0.0540,-1.4300,,-0.9400,-0.7900,-0.7200,-0.4300,0.6000,-0.0500
2021-05-01,0.2400,0.7600,-2.2900,0.0720,-1.2400,,-0.7900,-0.5600,-0.4600,-0.2100,0.8000,-0.5200
2021-06-01,0.1400,0.8900,-4.1300,0.1390,0.7700,,-0.3700,-0.3200,-0.2800,-0.1400,0.7000,-0.7500
2021-07-01,0.2500,1.1100,-4.1200,0.2100,0.0300,,-0.2100,-0.3200,-0.3900,-0.2300,2.3000,-0.8600
2021-08-01,0.2600,0.9200,-2.2900,0.2450,-0.2800,,-0.2900,-0.4500,-0.5300,-0.2800,1.0000,-0.6600
2021-09-01,0.5400,0.5800,1.3100,0.4020,-0.2100,,-0.7000,-0.4300,-0.5500,-0.5400,1.3000,-0.0400
2021-10-01,0.4600,0.6500,1.8300,0.4750,-2.2900,,-0.8700,-0.7800,-0.9400,-0.7300,1.2000,-0.1900
2021-11-01,0.4200,0.5000,3.1800,0.4450,-0.1800,,-1.1200,-1.0300,-0.9400,-0.6800,1.6000,-0.0800
2021-12-01,0.4600,0.2600,2.6900,0.2520,0.2900,,-1.6900,-1.2700,-1.0600,-0.7400,2.5000,0.2000
2022-01-01,0.6100,0.4700,2.9700,0.1760,1.0800,,-1.1100,-1.3100,-0.9400,-0.3700,0.8000,0.1400
2022-02-01,0.5700,0.7300,2.1000,0.1330,1.6800,,-1.5800,-1.1400,-0.8900,-0.3700,1.8000,-0.1600
2022-03-01,0.0800,0.5700,-1.2700,0.0090,0.7700,,-0.7600,-0.7300,-0.9700,-0.6900,2.9000,-0.4900
2022-04-01,0.0400,0.4600,-2.4400,0.1100,-0.3600,,-1.4000,-0.9200,-1.1100,-0.8300,2.8000,-0.4200
2022-05-01,0.3400,0.3600,-0.2400,0.1970,0.7100,,-1.6600,-1.0500,-1.1100,-0.8000,2.4000,-0.0200
2022-06-01,0.4800,0.6100,-0.6000,0.1990,-0.1200,,-1.4900,-0.8100,-0.7500,-0.7000,2.8000,-0.1300
2022-07-01,0.3200,0.3400,-1.5700,0.1360,-0.0900,,-1.2000,-0.5300,-0.6900,-0.9800,1.3000,-0.0200
2022-08-01,0.4700,0.3800,-0.2100,0.3580,1.4700,,-0.6000,-0.6700,-0.9700,-1.0900,1.7000,0.0900
2022-09-01,0.6200,0.3500,2.2000,0.6620,-1.6100,,-1.0200,-0.9600,-1.0700,-1.1700,2.7000,0.2700
2022-10-01,0.5000,0.5200,2.8000,0.4830,-0.7200,,-1.7800,-1.1100,-0.9900,-1.1200,2.8000,-0.0200
2022-11-01,0.3300,0.5100,2.2000,0.2820,0.6900,,-1.1300,-0.9400,-0.9000,-0.9900,0.5000,-0.1800
2022-12-01,0.4800,0.6000,1.6100,0.2180,-0.1500,,-0.4600,-0.8200,-0.8500,-0.8400,3.5000,-0.1200
2023-01-01,0.4700,0.8200,1.2900,0.1920,1.2500,,-0.5600,-0.5600,-0.7200,-0.6600,2.3000,-0.3500
2023-02-01,0.2200,0.5500,0.1100,,0.9200,,0.4800,-0.1000,-0.4600,-0.5500,2.3000,-0.3300
2023-03-01,0.6400,0.4900,1.0200,,-1.1100,,1.4900,0.3000,-0.1100,-0.2500,0.3000,0.1500
2023-04-01,0.7800,0.5000,1.1200,,-0.6300,,2.6200,0.4700,0.1400,0.1300,0.4000,0.2800
2023-05-01,1.0400,0.7900,2.2800,,0.3900,,2.2200,0.8400,0.4600,0.3000,-1.7000,0.2500
2023-06-01,1.4100,0.5700,3.7400,,-0.5800,,2.5000,1.2600,0.8400,0.5800,0.4000,0.8400
2023-07-01,1.4100,0.5400,3.1800,,-2.1700,,2.9800,1.6000,1.0200,0.7000,-0.4000,0.8700
2023-08-01,1.3600,0.5000,2.9500,,-1.1600,,3.2900,2.0000,1.3500,0.9300,-1.4000,0.8600
2023-09-01,1.4300,0.4000,5.7200,,-0.4400,,2.4200,2.1000,1.6000,1.1200,-2.1000,1.0300
2023-10-01,1.3200,0.4100,5.5100,,-2.0300,,2.3200,2.1500,1.7200,1.2300,-0.8000,0.9100
2023-11-01,1.0900,0.9100,4.0000,,-0.3200,,2.0700,2.1000,2.0200,1.5100,-1.3000,0.1800
2023-12-01,1.1700,1.3100,2.5800,,1.9400,,1.6100,2.0200,2.0300,1.5000,-0.4000,-0.1400
2024-01-01,1.4200,1.3200,3.9600,,0.2100,,1.2900,1.8500,1.8100,1.5400,0.8000,0.1000
2024-02-01,1.5900,1.4100,4.0200,,1.0900,,1.1200,1.5200,1.5200,1.2600,-2.3000,0.1800
2024-03-01,1.3600,1.6700,3.1400,,-0.2100,,0.2500,0.8300,1.1300,0.9900,0.6000,-0.3100
2024-04-01,1.3200,1.4100,1.5500,,-0.7800,,-0.2100,0.5000,0.7700,0.9200,-0.3000,-0.0900
2024-05-01,1.4300,1.1700,3.3000,,-0.4400,,-1.1600,-0.1900,0.2300,0.7900,0.8000,0.2600
2024-06-01,1.3400,0.8500,3.2200,,-0.0900,,-0.9500,-0.2700,0.1700,0.7100,0.1000,0.4900
2024-07-01,1.1400,0.5900,0.9000,,1.4600,,-0.7800,-0.1400,0.0400,0.5100,-1.2000,0.5500
2024-08-01,1.1300,0.3900,2.7500,,0.6300,,-0.4200,-0.2900,-0.1200,0.4100,1.5000,0.7400
2024-09-01,1.0400,0.4400,,,-1.4300,,-0.7500,-0.2000,-0.2600,0.1500,-0.2000,0.6000
2024-10-01,1.0300,0.5100,,,-0.3800,,-0.3200,-0.1600,-0.2700,0.1200,0.8000,0.5200
2024-11-01,0.9800,0.4100,,,-0.2300,,0.0600,-0.1600,-0.2500,0.1200,0.8000,0.5700
2024-12-01,0.9100,0.5700,,,1.2100,,-0.0300,-0.3900,-0.6000,-0.2800,1.9000,0.3400
2025-01-01,0.9100,0.6500,,,-0.5200,,-0.3300,-0.3000,-0.7400,-0.5500,0.3000,0.2600
2025-02-01,0.5900,0.5900,,,1.6000,,0.5800,0.0200,-0.4300,-0.5200,0.9000,0.0000
2025-03-01,0.4000,0.4200,,,0.3000,,0.9900,0.4500,0.0100,-0.3400,2.8000,-0.0200
2025-04-01,0.2200,0.4200,,,0.1800,,0.4200,0.0500,-0.1400,-0.1700,0.9000,-0.2000
2025-05-01,0.3200,0.5100,,,0.4900,,-0.0600,-0.1300,-0.1300,0.0400,0.7000,-0.1900
2025-06-01,0.3500,0.4200,,,0.7000,,0.0900,-0.0800,-0.0700,0.1700,0.5000,-0.0700
2025-07-01,0.5900,0.3600,,,0.4800,,0.2500,-0.0200,-0.1400,0.0300,1.0000,0.2300
2025-08-01,0.7500,0.2700,,,0.2600,,0.0600,-0.2500,-0.3600,-0.1500,0.7000,0.4800
2025-09-01,0.7300,0.2800,,,-0.8000,,-0.4400,-0.5000,-0.4700,-0.2700,0.1000,0.4500
2025-10-01,0.7400,0.2300,,,-0.9600,,-0.3500,-0.4100,-0.5000,-0.4100,1.9000,0.5100
2025-11-01,0.7800,0.2100,,,-0.7800,,-0.4600,-0.6300,-0.7000,-0.5200,1.8000,0.5700
2025-12-01,0.5400,0.4400,,,-0.6500,,-0.6200,-0.8000,-0.6700,-0.3300,-0.0000,0.1000
