date,year,month,value
1948-01-01,1948,1,-0.2200
1948-02-01,1948,2,-0.1200
1948-03-01,1948,3,0.0400
1948-04-01,1948,4,-0.2100
1948-05-01,1948,5,-0.4000
1948-06-01,1948,6,-0.6400
1948-07-01,1948,7,-0.4000
1948-08-01,1948,8,-0.5300
1948-09-01,1948,9,-0.4100
1948-10-01,1948,10,-0.4200
1948-11-01,1948,11,-0.3500
1948-12-01,1948,12,-0.2100
1949-01-01,1949,1,-0.1900
1949-02-01,1949,2,0.0100
1949-03-01,1949,3,-0.0100
1949-04-01,1949,4,0.2200
1949-05-01,1949,5,0.0800
1949-06-01,1949,6,0.0500
1949-07-01,1949,7,0.1600
1949-08-01,1949,8,0.2100
1949-09-01,1949,9,0.2300
1949-10-01,1949,10,0.0400
1949-11-01,1949,11,0.0200
1949-12-01,1949,12,-0.1600
1950-01-01,1950,1,0.0800
1950-02-01,1950,2,0.1500
1950-03-01,1950,3,0.1200
1950-04-01,1950,4,-0.1700
1950-05-01,1950,5,-0.3400
1950-06-01,1950,6,-0.2300
1950-07-01,1950,7,-0.1600
1950-08-01,1950,8,-0.3400
1950-09-01,1950,9,-0.5100
1950-10-01,1950,10,-0.5400
1950-11-01,1950,11,-0.4600
1950-12-01,1950,12,-0.9200
1951-01-01,1951,1,-0.9800
1951-02-01,1951,2,-0.7000
1951-03-01,1951,3,-0.8700
1951-04-01,1951,4,-0.5100
1951-05-01,1951,5,-0.3700
1951-06-01,1951,6,-0.2600
1951-07-01,1951,7,-0.1100
1951-08-01,1951,8,0.0500
1951-09-01,1951,9,0.0500
1951-10-01,1951,10,0.0300
1951-11-01,1951,11,-0.0800
1951-12-01,1951,12,0.0000
1952-01-01,1952,1,0.0600
1952-02-01,1952,2,-0.0100
1952-03-01,1952,3,-0.0800
1952-04-01,1952,4,-0.0800
1952-05-01,1952,5,-0.1900
1952-06-01,1952,6,0.0700
1952-07-01,1952,7,-0.0700
1952-08-01,1952,8,-0.0100
1952-09-01,1952,9,-0.0400
1952-10-01,1952,10,-0.0800
1952-11-01,1952,11,0.0000
1952-12-01,1952,12,-0.1400
1953-01-01,1953,1,-0.1500
1953-02-01,1953,2,-0.2500
1953-03-01,1953,3,0.0100
1953-04-01,1953,4,-0.2900
1953-05-01,1953,5,-0.1400
1953-06-01,1953,6,-0.1000
1953-07-01,1953,7,-0.0700
1953-08-01,1953,8,-0.0600
1953-09-01,1953,9,0.0400
1953-10-01,1953,10,0.0300
1953-11-01,1953,11,-0.1800
1953-12-01,1953,12,-0.4100
1954-01-01,1954,1,-0.4300
1954-02-01,1954,2,-0.5000
1954-03-01,1954,3,-0.5200
1954-04-01,1954,4,-0.4000
1954-05-01,1954,5,-0.6100
1954-06-01,1954,6,-0.5700
1954-07-01,1954,7,-0.6600
1954-08-01,1954,8,-0.3900
1954-09-01,1954,9,-0.2500
1954-10-01,1954,10,-0.1400
1954-11-01,1954,11,-0.1200
1954-12-01,1954,12,-0.2300
1955-01-01,1955,1,-0.4200
1955-02-01,1955,2,-0.6000
1955-03-01,1955,3,-0.4500
1955-04-01,1955,4,-0.5200
1955-05-01,1955,5,-0.3400
1955-06-01,1955,6,-0.4400
1955-07-01,1955,7,-0.2700
1955-08-01,1955,8,-0.4600
1955-09-01,1955,9,-0.4100
1955-10-01,1955,10,-0.2800
1955-11-01,1955,11,-0.2000
1955-12-01,1955,12,-0.5700
1956-01-01,1956,1,-0.5000
1956-02-01,1956,2,-0.6900
1956-03-01,1956,3,-0.5700
1956-04-01,1956,4,-0.7300
1956-05-01,1956,5,-0.4500
1956-06-01,1956,6,-0.4300
1956-07-01,1956,7,-0.2600
1956-08-01,1956,8,-0.1900
1956-09-01,1956,9,-0.1900
1956-10-01,1956,10,-0.4400
1956-11-01,1956,11,-0.4300
1956-12-01,1956,12,-0.4900
1957-01-01,1957,1,-0.3700
1957-02-01,1957,2,-0.1100
1957-03-01,1957,3,-0.0700
1957-04-01,1957,4,-0.0300
1957-05-01,1957,5,-0.2600
1957-06-01,1957,6,-0.1100
1957-07-01,1957,7,-0.3100
1957-08-01,1957,8,-0.2100
1957-09-01,1957,9,-0.3500
1957-10-01,1957,10,-0.3800
1957-11-01,1957,11,-0.2600
1957-12-01,1957,12,-0.1600
1958-01-01,1958,1,-0.2600
1958-02-01,1958,2,-0.2600
1958-03-01,1958,3,-0.5700
1958-04-01,1958,4,-0.6300
1958-05-01,1958,5,-1.0700
1958-06-01,1958,6,-1.0600
1958-07-01,1958,7,-0.5100
1958-08-01,1958,8,-0.6400
1958-09-01,1958,9,-0.6300
1958-10-01,1958,10,-0.4900
1958-11-01,1958,11,-0.3900
1958-12-01,1958,12,-0.0200
1959-01-01,1959,1,0.0400
1959-02-01,1959,2,0.0500
1959-03-01,1959,3,0.2800
1959-04-01,1959,4,0.2000
1959-05-01,1959,5,-0.1600
1959-06-01,1959,6,-0.1400
1959-07-01,1959,7,-0.2400
1959-08-01,1959,8,-0.2000
1959-09-01,1959,9,-0.1000
1959-10-01,1959,10,-0.1300
1959-11-01,1959,11,-0.2200
1959-12-01,1959,12,-0.2300
1960-01-01,1960,1,-0.3300
1960-02-01,1960,2,-0.4100
1960-03-01,1960,3,-0.0900
1960-04-01,1960,4,-0.2200
1960-05-01,1960,5,0.0100
1960-06-01,1960,6,-0.2300
1960-07-01,1960,7,0.0800
1960-08-01,1960,8,-0.0200
1960-09-01,1960,9,-0.0500
1960-10-01,1960,10,-0.1000
1960-11-01,1960,11,0.0100
1960-12-01,1960,12,0.0000
1961-01-01,1961,1,-0.0000
1961-02-01,1961,2,-0.1200
1961-03-01,1961,3,-0.0200
1961-04-01,1961,4,-0.1000
1961-05-01,1961,5,0.0300
1961-06-01,1961,6,-0.1000
1961-07-01,1961,7,-0.2100
1961-08-01,1961,8,-0.1900
1961-09-01,1961,9,0.0300
1961-10-01,1961,10,-0.0200
1961-11-01,1961,11,-0.0600
1961-12-01,1961,12,-0.1200
1962-01-01,1962,1,-0.0800
1962-02-01,1962,2,-0.1600
1962-03-01,1962,3,-0.1100
1962-04-01,1962,4,-0.0100
1962-05-01,1962,5,0.1800
1962-06-01,1962,6,0.0800
1962-07-01,1962,7,-0.0800
1962-08-01,1962,8,-0.0300
1962-09-01,1962,9,-0.0800
1962-10-01,1962,10,0.0300
1962-11-01,1962,11,0.0100
1962-12-01,1962,12,-0.1900
1963-01-01,1963,1,-0.0500
1963-02-01,1963,2,0.0100
1963-03-01,1963,3,0.2700
1963-04-01,1963,4,0.2100
1963-05-01,1963,5,0.4200
1963-06-01,1963,6,0.4500
1963-07-01,1963,7,0.4300
1963-08-01,1963,8,0.4500
1963-09-01,1963,9,0.4100
1963-10-01,1963,10,0.4500
1963-11-01,1963,11,0.6900
1963-12-01,1963,12,0.7700
1964-01-01,1964,1,0.6500
1964-02-01,1964,2,0.3100
1964-03-01,1964,3,0.3300
1964-04-01,1964,4,0.0600
1964-05-01,1964,5,-0.2200
1964-06-01,1964,6,-0.1400
1964-07-01,1964,7,-0.2000
1964-08-01,1964,8,-0.2100
1964-09-01,1964,9,-0.6800
1964-10-01,1964,10,-0.7900
1964-11-01,1964,11,-0.6300
1964-12-01,1964,12,-0.7600
1965-01-01,1965,1,-0.3900
1965-02-01,1965,2,-0.0800
1965-03-01,1965,3,0.1100
1965-04-01,1965,4,0.1000
1965-05-01,1965,5,0.1500
1965-06-01,1965,6,-0.1700
1965-07-01,1965,7,-0.3900
1965-08-01,1965,8,-0.2100
1965-09-01,1965,9,-0.0300
1965-10-01,1965,10,-0.1700
1965-11-01,1965,11,-0.3000
1965-12-01,1965,12,-0.2500
1966-01-01,1966,1,-0.1900
1966-02-01,1966,2,-0.2800
1966-03-01,1966,3,-0.3900
1966-04-01,1966,4,0.0800
1966-05-01,1966,5,0.1300
1966-06-01,1966,6,0.6200
1966-07-01,1966,7,0.2800
1966-08-01,1966,8,-0.0600
1966-09-01,1966,9,-0.0700
1966-10-01,1966,10,-0.0500
1966-11-01,1966,11,0.2100
1966-12-01,1966,12,0.6000
1967-01-01,1967,1,0.3000
1967-02-01,1967,2,0.3000
1967-03-01,1967,3,-0.0300
1967-04-01,1967,4,-0.2000
1967-05-01,1967,5,-0.3700
1967-06-01,1967,6,-0.6100
1967-07-01,1967,7,-0.6200
1967-08-01,1967,8,-0.4000
1967-09-01,1967,9,-0.3500
1967-10-01,1967,10,-0.6100
1967-11-01,1967,11,-0.4000
1967-12-01,1967,12,-0.1300
1968-01-01,1968,1,-0.0300
1968-02-01,1968,2,-0.2400
1968-03-01,1968,3,-0.2600
1968-04-01,1968,4,-0.0100
1968-05-01,1968,5,-0.0100
1968-06-01,1968,6,0.0800
1968-07-01,1968,7,0.2400
1968-08-01,1968,8,0.2000
1968-09-01,1968,9,0.2900
1968-10-01,1968,10,0.4400
1968-11-01,1968,11,0.4900
1968-12-01,1968,12,0.5000
1969-01-01,1969,1,0.3200
1969-02-01,1969,2,0.5300
1969-03-01,1969,3,0.3800
1969-04-01,1969,4,0.3500
1969-05-01,1969,5,0.2000
1969-06-01,1969,6,-0.0500
1969-07-01,1969,7,-0.1500
1969-08-01,1969,8,0.0100
1969-09-01,1969,9,-0.0900
1969-10-01,1969,10,-0.0600
1969-11-01,1969,11,-0.0700
1969-12-01,1969,12,-0.1900
1970-01-01,1970,1,-0.3400
1970-02-01,1970,2,-0.2600
1970-03-01,1970,3,-0.2000
1970-04-01,1970,4,-0.2800
1970-05-01,1970,5,-0.1900
1970-06-01,1970,6,-0.3300
1970-07-01,1970,7,-0.1100
1970-08-01,1970,8,-0.2400
1970-09-01,1970,9,-0.2200
1970-10-01,1970,10,-0.3900
1970-11-01,1970,11,-0.2000
1970-12-01,1970,12,-0.3400
1971-01-01,1971,1,-0.0100
1971-02-01,1971,2,0.0200
1971-03-01,1971,3,-0.0600
1971-04-01,1971,4,0.0900
1971-05-01,1971,5,0.2500
1971-06-01,1971,6,0.1700
1971-07-01,1971,7,-0.2300
1971-08-01,1971,8,-0.2000
1971-09-01,1971,9,-0.1600
1971-10-01,1971,10,-0.3800
1971-11-01,1971,11,-0.6800
1971-12-01,1971,12,-0.7900
1972-01-01,1972,1,-0.0800
1972-02-01,1972,2,-0.0600
1972-03-01,1972,3,-0.1800
1972-04-01,1972,4,0.0300
1972-05-01,1972,5,-0.0300
1972-06-01,1972,6,0.0900
1972-07-01,1972,7,0.2500
1972-08-01,1972,8,0.2600
1972-09-01,1972,9,0.2300
1972-10-01,1972,10,0.2900
1972-11-01,1972,11,0.4400
1972-12-01,1972,12,0.8900
1973-01-01,1973,1,0.8000
1973-02-01,1973,2,0.7200
1973-03-01,1973,3,0.5900
1973-04-01,1973,4,0.7600
1973-05-01,1973,5,0.9300
1973-06-01,1973,6,0.7500
1973-07-01,1973,7,0.6700
1973-08-01,1973,8,0.5800
1973-09-01,1973,9,0.7500
1973-10-01,1973,10,0.6700
1973-11-01,1973,11,0.5400
1973-12-01,1973,12,0.4000
1974-01-01,1974,1,0.3400
1974-02-01,1974,2,0.1400
1974-03-01,1974,3,0.1500
1974-04-01,1974,4,0.3600
1974-05-01,1974,5,0.4900
1974-06-01,1974,6,0.4300
1974-07-01,1974,7,0.5800
1974-08-01,1974,8,0.4200
1974-09-01,1974,9,0.1400
1974-10-01,1974,10,0.1100
1974-11-01,1974,11,0.2500
1974-12-01,1974,12,0.1100
1975-01-01,1975,1,-0.1300
1975-02-01,1975,2,-0.1900
1975-03-01,1975,3,-0.1500
1975-04-01,1975,4,-0.1100
1975-05-01,1975,5,0.0400
1975-06-01,1975,6,0.1700
1975-07-01,1975,7,0.0300
1975-08-01,1975,8,-0.0200
1975-09-01,1975,9,-0.2400
1975-10-01,1975,10,-0.1800
1975-11-01,1975,11,-0.0300
1975-12-01,1975,12,-0.3400
1976-01-01,1976,1,-0.4100
1976-02-01,1976,2,-0.4000
1976-03-01,1976,3,-0.4800
1976-04-01,1976,4,-0.6700
1976-05-01,1976,5,-0.7000
1976-06-01,1976,6,-0.6000
1976-07-01,1976,7,-0.6700
1976-08-01,1976,8,-0.4800
1976-09-01,1976,9,-0.3200
1976-10-01,1976,10,-0.3600
1976-11-01,1976,11,-0.4500
1976-12-01,1976,12,-0.2100
1977-01-01,1977,1,-0.1900
1977-02-01,1977,2,-0.0000
1977-03-01,1977,3,0.0000
1977-04-01,1977,4,-0.0300
1977-05-01,1977,5,-0.0500
1977-06-01,1977,6,-0.0900
1977-07-01,1977,7,-0.1400
1977-08-01,1977,8,0.0100
1977-09-01,1977,9,0.0300
1977-10-01,1977,10,-0.0900
1977-11-01,1977,11,-0.0800
1977-12-01,1977,12,-0.0700
1978-01-01,1978,1,-0.1900
1978-02-01,1978,2,-0.2900
1978-03-01,1978,3,-0.4500
1978-04-01,1978,4,-0.6500
1978-05-01,1978,5,-0.6400
1978-06-01,1978,6,-0.4700
1978-07-01,1978,7,-0.0800
1978-08-01,1978,8,-0.2000
1978-09-01,1978,9,-0.3500
1978-10-01,1978,10,-0.3800
1978-11-01,1978,11,-0.4300
1978-12-01,1978,12,-0.1600
1979-01-01,1979,1,-0.1600
1979-02-01,1979,2,-0.2400
1979-03-01,1979,3,-0.3100
1979-04-01,1979,4,0.0100
1979-05-01,1979,5,0.0700
1979-06-01,1979,6,0.1000
1979-07-01,1979,7,0.1400
1979-08-01,1979,8,0.2700
1979-09-01,1979,9,0.2900
1979-10-01,1979,10,0.0500
1979-11-01,1979,11,0.0600
1979-12-01,1979,12,-0.0200
1980-01-01,1980,1,-0.1500
1980-02-01,1980,2,-0.3400
1980-03-01,1980,3,-0.2600
1980-04-01,1980,4,-0.1100
1980-05-01,1980,5,-0.0400
1980-06-01,1980,6,-0.0800
1980-07-01,1980,7,-0.0600
1980-08-01,1980,8,0.0300
1980-09-01,1980,9,0.1100
1980-10-01,1980,10,-0.0300
1980-11-01,1980,11,-0.2500
1980-12-01,1980,12,-0.5900
1981-01-01,1981,1,-0.2700
1981-02-01,1981,2,-0.4700
1981-03-01,1981,3,-0.6400
1981-04-01,1981,4,-0.5200
1981-05-01,1981,5,-0.4000
1981-06-01,1981,6,-0.2200
1981-07-01,1981,7,-0.2300
1981-08-01,1981,8,0.1200
1981-09-01,1981,9,0.2000
1981-10-01,1981,10,0.3500
1981-11-01,1981,11,0.2600
1981-12-01,1981,12,0.1000
1982-01-01,1982,1,0.0300
1982-02-01,1982,2,-0.2000
1982-03-01,1982,3,-0.2100
1982-04-01,1982,4,-0.3500
1982-05-01,1982,5,-0.3700
1982-06-01,1982,6,-0.4500
1982-07-01,1982,7,-0.4400
1982-08-01,1982,8,-0.5700
1982-09-01,1982,9,-0.3100
1982-10-01,1982,10,-0.1100
1982-11-01,1982,11,-0.2800
1982-12-01,1982,12,-0.1700
1983-01-01,1983,1,0.3300
1983-02-01,1983,2,0.3700
1983-03-01,1983,3,-0.1400
1983-04-01,1983,4,-0.2500
1983-05-01,1983,5,-0.4500
1983-06-01,1983,6,-0.4500
1983-07-01,1983,7,-0.3100
1983-08-01,1983,8,-0.0800
1983-09-01,1983,9,0.0400
1983-10-01,1983,10,-0.0800
1983-11-01,1983,11,0.0600
1983-12-01,1983,12,0.3900
1984-01-01,1984,1,0.6800
1984-02-01,1984,2,0.6500
1984-03-01,1984,3,0.7900
1984-04-01,1984,4,0.5000
1984-05-01,1984,5,0.2600
1984-06-01,1984,6,0.4600
1984-07-01,1984,7,0.5500
1984-08-01,1984,8,0.7700
1984-09-01,1984,9,0.8400
1984-10-01,1984,10,0.5900
1984-11-01,1984,11,0.3100
1984-12-01,1984,12,0.2500
1985-01-01,1985,1,0.3200
1985-02-01,1985,2,0.5200
1985-03-01,1985,3,0.1400
1985-04-01,1985,4,0.1500
1985-05-01,1985,5,0.2400
1985-06-01,1985,6,0.0400
1985-07-01,1985,7,0.2700
1985-08-01,1985,8,0.1000
1985-09-01,1985,9,0.0200
1985-10-01,1985,10,0.2700
1985-11-01,1985,11,0.2400
1985-12-01,1985,12,0.2900
1986-01-01,1986,1,0.2000
1986-02-01,1986,2,0.4700
1986-03-01,1986,3,0.3800
1986-04-01,1986,4,0.2800
1986-05-01,1986,5,0.2600
1986-06-01,1986,6,0.4100
1986-07-01,1986,7,0.1900
1986-08-01,1986,8,0.2100
1986-09-01,1986,9,0.3000
1986-10-01,1986,10,0.1400
1986-11-01,1986,11,-0.1700
1986-12-01,1986,12,0.0200
1987-01-01,1987,1,0.0200
1987-02-01,1987,2,0.0800
1987-03-01,1987,3,0.1600
1987-04-01,1987,4,0.0400
1987-05-01,1987,5,0.2800
1987-06-01,1987,6,0.4200
1987-07-01,1987,7,0.5000
1987-08-01,1987,8,0.4300
1987-09-01,1987,9,0.3200
1987-10-01,1987,10,0.4200
1987-11-01,1987,11,0.6300
1987-12-01,1987,12,0.3900
1988-01-01,1988,1,0.6300
1988-02-01,1988,2,0.6600
1988-03-01,1988,3,0.7700
1988-04-01,1988,4,0.5900
1988-05-01,1988,5,0.7100
1988-06-01,1988,6,0.7300
1988-07-01,1988,7,0.4600
1988-08-01,1988,8,0.5000
1988-09-01,1988,9,0.3000
1988-10-01,1988,10,0.3700
1988-11-01,1988,11,0.1400
1988-12-01,1988,12,0.1900
1989-01-01,1989,1,0.4100
1989-02-01,1989,2,0.2300
1989-03-01,1989,3,0.3500
1989-04-01,1989,4,0.2900
1989-05-01,1989,5,0.3300
1989-06-01,1989,6,0.3100
1989-07-01,1989,7,0.2600
1989-08-01,1989,8,0.3900
1989-09-01,1989,9,0.2100
1989-10-01,1989,10,0.2800
1989-11-01,1989,11,-0.0600
1989-12-01,1989,12,-0.2500
1990-01-01,1990,1,-0.3400
1990-02-01,1990,2,0.1300
1990-03-01,1990,3,0.3200
1990-04-01,1990,4,0.3500
1990-05-01,1990,5,-0.0600
1990-06-01,1990,6,0.0800
1990-07-01,1990,7,-0.1100
1990-08-01,1990,8,-0.1300
1990-09-01,1990,9,-0.0700
1990-10-01,1990,10,0.1000
1990-11-01,1990,11,0.1700
1990-12-01,1990,12,0.2200
1991-01-01,1991,1,0.1200
1991-02-01,1991,2,0.0600
1991-03-01,1991,3,0.1400
1991-04-01,1991,4,0.3100
1991-05-01,1991,5,0.4900
1991-06-01,1991,6,0.4400
1991-07-01,1991,7,0.0500
1991-08-01,1991,8,-0.3300
1991-09-01,1991,9,-0.3600
1991-10-01,1991,10,-0.3600
1991-11-01,1991,11,-0.3400
1991-12-01,1991,12,-0.0800
1992-01-01,1992,1,-0.2700
1992-02-01,1992,2,-0.2600
1992-03-01,1992,3,-0.4000
1992-04-01,1992,4,-0.5700
1992-05-01,1992,5,-0.6600
1992-06-01,1992,6,-0.8000
1992-07-01,1992,7,-0.6000
1992-08-01,1992,8,-0.6600
1992-09-01,1992,9,-0.5600
1992-10-01,1992,10,-0.5200
1992-11-01,1992,11,-0.7900
1992-12-01,1992,12,-0.3600
1993-01-01,1993,1,-0.2500
1993-02-01,1993,2,-0.1300
1993-03-01,1993,3,-0.0900
1993-04-01,1993,4,0.2000
1993-05-01,1993,5,0.0300
1993-06-01,1993,6,-0.0300
1993-07-01,1993,7,0.0500
1993-08-01,1993,8,0.0400
1993-09-01,1993,9,0.4400
1993-10-01,1993,10,0.6900
1993-11-01,1993,11,0.7500
1993-12-01,1993,12,0.5000
1994-01-01,1994,1,0.3200
1994-02-01,1994,2,0.1200
1994-03-01,1994,3,0.2400
1994-04-01,1994,4,0.1800
1994-05-01,1994,5,0.1100
1994-06-01,1994,6,-0.1800
1994-07-01,1994,7,-0.2600
1994-08-01,1994,8,-0.1700
1994-09-01,1994,9,-0.1500
1994-10-01,1994,10,-0.0500
1994-11-01,1994,11,0.0800
1994-12-01,1994,12,0.2000
1995-01-01,1995,1,0.4000
1995-02-01,1995,2,0.6100
1995-03-01,1995,3,0.7400
1995-04-01,1995,4,0.6100
1995-05-01,1995,5,0.5900
1995-06-01,1995,6,0.6400
1995-07-01,1995,7,0.3500
1995-08-01,1995,8,-0.0700
1995-09-01,1995,9,-0.0400
1995-10-01,1995,10,-0.0500
1995-11-01,1995,11,0.1200
1995-12-01,1995,12,0.0000
1996-01-01,1996,1,0.1800
1996-02-01,1996,2,0.4300
1996-03-01,1996,3,0.4700
1996-04-01,1996,4,0.6500
1996-05-01,1996,5,0.7700
1996-06-01,1996,6,0.8700
1996-07-01,1996,7,0.6600
1996-08-01,1996,8,0.3500
1996-09-01,1996,9,0.1300
1996-10-01,1996,10,0.1200
1996-11-01,1996,11,0.1200
1996-12-01,1996,12,-0.0600
1997-01-01,1997,1,-0.2200
1997-02-01,1997,2,-0.3400
1997-03-01,1997,3,-0.4700
1997-04-01,1997,4,-0.5000
1997-05-01,1997,5,-0.5400
1997-06-01,1997,6,-0.6700
1997-07-01,1997,7,-0.2700
1997-08-01,1997,8,-0.0900
1997-09-01,1997,9,0.2100
1997-10-01,1997,10,0.6900
1997-11-01,1997,11,0.7900
1997-12-01,1997,12,1.0300
1998-01-01,1998,1,0.7200
1998-02-01,1998,2,0.7400
1998-03-01,1998,3,0.6900
1998-04-01,1998,4,0.5400
1998-05-01,1998,5,0.5400
1998-06-01,1998,6,0.6600
1998-07-01,1998,7,0.8500
1998-08-01,1998,8,0.5900
1998-09-01,1998,9,0.4100
1998-10-01,1998,10,0.2100
1998-11-01,1998,11,0.3200
1998-12-01,1998,12,0.1100
1999-01-01,1999,1,0.1300
1999-02-01,1999,2,0.0500
1999-03-01,1999,3,0.3300
1999-04-01,1999,4,0.4500
1999-05-01,1999,5,0.5300
1999-06-01,1999,6,0.4900
1999-07-01,1999,7,0.6400
1999-08-01,1999,8,0.5500
1999-09-01,1999,9,0.2400
1999-10-01,1999,10,0.2800
1999-11-01,1999,11,0.3300
1999-12-01,1999,12,0.3600
2000-01-01,2000,1,0.2100
2000-02-01,2000,2,0.3900
2000-03-01,2000,3,0.4000
2000-04-01,2000,4,0.3700
2000-05-01,2000,5,0.2900
2000-06-01,2000,6,0.2000
2000-07-01,2000,7,0.1500
2000-08-01,2000,8,0.2000
2000-09-01,2000,9,0.0200
2000-10-01,2000,10,0.1000
2000-11-01,2000,11,0.0700
2000-12-01,2000,12,-0.0100
2001-01-01,2001,1,0.1600
2001-02-01,2001,2,0.1700
2001-03-01,2001,3,0.2900
2001-04-01,2001,4,0.3800
2001-05-01,2001,5,0.4700
2001-06-01,2001,6,0.3600
2001-07-01,2001,7,0.1500
2001-08-01,2001,8,0.1400
2001-09-01,2001,9,0.1100
2001-10-01,2001,10,0.2000
2001-11-01,2001,11,0.1600
2001-12-01,2001,12,0.0100
2002-01-01,2002,1,0.1400
2002-02-01,2002,2,-0.0600
2002-03-01,2002,3,0.2900
2002-04-01,2002,4,0.3100
2002-05-01,2002,5,0.4900
2002-06-01,2002,6,0.3300
2002-07-01,2002,7,0.4700
2002-08-01,2002,8,0.0100
2002-09-01,2002,9,-0.0800
2002-10-01,2002,10,0.1400
2002-11-01,2002,11,-0.0700
2002-12-01,2002,12,0.3500
2003-01-01,2003,1,0.5600
2003-02-01,2003,2,0.5700
2003-03-01,2003,3,0.6300
2003-04-01,2003,4,0.4200
2003-05-01,2003,5,0.3700
2003-06-01,2003,6,0.1000
2003-07-01,2003,7,0.4000
2003-08-01,2003,8,0.4900
2003-09-01,2003,9,0.4900
2003-10-01,2003,10,0.5300
2003-11-01,2003,11,0.5500
2003-12-01,2003,12,0.5600
2004-01-01,2004,1,0.4100
2004-02-01,2004,2,0.2200
2004-03-01,2004,3,-0.0100
2004-04-01,2004,4,-0.2600
2004-05-01,2004,5,-0.1200
2004-06-01,2004,6,-0.0800
2004-07-01,2004,7,0.0800
2004-08-01,2004,8,0.2200
2004-09-01,2004,9,0.3300
2004-10-01,2004,10,0.1400
2004-11-01,2004,11,0.2400
2004-12-01,2004,12,0.4300
2005-01-01,2005,1,0.6100
2005-02-01,2005,2,0.4900
2005-03-01,2005,3,0.6100
2005-04-01,2005,4,0.2900
2005-05-01,2005,5,-0.0600
2005-06-01,2005,6,-0.2600
2005-07-01,2005,7,-0.3200
2005-08-01,2005,8,0.0100
2005-09-01,2005,9,-0.0900
2005-10-01,2005,10,-0.0000
2005-11-01,2005,11,-0.0700
2005-12-01,2005,12,-0.0200
2006-01-01,2006,1,0.0400
2006-02-01,2006,2,0.2300
2006-03-01,2006,3,0.4100
2006-04-01,2006,4,0.3100
2006-05-01,2006,5,0.2400
2006-06-01,2006,6,0.4100
2006-07-01,2006,7,0.3000
2006-08-01,2006,8,0.3300
2006-09-01,2006,9,0.2700
2006-10-01,2006,10,0.2300
2006-11-01,2006,11,0.0800
2006-12-01,2006,12,0.3200
2007-01-01,2007,1,0.2400
2007-02-01,2007,2,0.2100
2007-03-01,2007,3,0.0400
2007-04-01,2007,4,0.2400
2007-05-01,2007,5,0.2800
2007-06-01,2007,6,0.4300
2007-07-01,2007,7,0.2300
2007-08-01,2007,8,0.1500
2007-09-01,2007,9,0.2700
2007-10-01,2007,10,0.1100
2007-11-01,2007,11,0.1000
2007-12-01,2007,12,0.2000
2008-01-01,2008,1,0.1900
2008-02-01,2008,2,0.3600
2008-03-01,2008,3,0.6000
2008-04-01,2008,4,0.6400
2008-05-01,2008,5,0.8200
2008-06-01,2008,6,0.7000
2008-07-01,2008,7,0.6600
2008-08-01,2008,8,0.5100
2008-09-01,2008,9,0.2800
2008-10-01,2008,10,0.2700
2008-11-01,2008,11,0.3100
2008-12-01,2008,12,0.4200
2009-01-01,2009,1,0.4500
2009-02-01,2009,2,0.3500
2009-03-01,2009,3,0.5400
2009-04-01,2009,4,0.5200
2009-05-01,2009,5,0.7900
2009-06-01,2009,6,0.5900
2009-07-01,2009,7,0.3900
2009-08-01,2009,8,0.2400
2009-09-01,2009,9,0.1900
2009-10-01,2009,10,0.4500
2009-11-01,2009,11,0.3000
2009-12-01,2009,12,0.7000
2010-01-01,2010,1,0.7900
2010-02-01,2010,2,0.6800
2010-03-01,2010,3,0.8900
2010-04-01,2010,4,0.6800
2010-05-01,2010,5,0.6200
2010-06-01,2010,6,0.8500
2010-07-01,2010,7,0.6000
2010-08-01,2010,8,0.4800
2010-09-01,2010,9,0.2300
2010-10-01,2010,10,0.4300
2010-11-01,2010,11,0.4000
2010-12-01,2010,12,0.4100
2011-01-01,2011,1,0.4500
2011-02-01,2011,2,0.5900
2011-03-01,2011,3,0.7200
2011-04-01,2011,4,0.4900
2011-05-01,2011,5,0.3000
2011-06-01,2011,6,0.2000
2011-07-01,2011,7,0.2700
2011-08-01,2011,8,0.2000
2011-09-01,2011,9,0.2400
2011-10-01,2011,10,0.2800
2011-11-01,2011,11,-0.0500
2011-12-01,2011,12,-0.4800
2012-01-01,2012,1,-0.3200
2012-02-01,2012,2,-0.5100
2012-03-01,2012,3,-0.0800
2012-04-01,2012,4,-0.3300
2012-05-01,2012,5,-0.0400
2012-06-01,2012,6,0.0400
2012-07-01,2012,7,-0.0300
2012-08-01,2012,8,-0.0800
2012-09-01,2012,9,0.0200
2012-10-01,2012,10,0.0300
2012-11-01,2012,11,0.0300
2012-12-01,2012,12,0.1800
2013-01-01,2013,1,0.3900
2013-02-01,2013,2,0.2500
2013-03-01,2013,3,0.2600
2013-04-01,2013,4,0.3500
2013-05-01,2013,5,0.4800
2013-06-01,2013,6,0.2800
2013-07-01,2013,7,0.2300
2013-08-01,2013,8,0.2500
2013-09-01,2013,9,0.0300
2013-10-01,2013,10,0.0400
2013-11-01,2013,11,-0.0700
2013-12-01,2013,12,0.1100
2014-01-01,2014,1,0.1100
2014-02-01,2014,2,0.2200
2014-03-01,2014,3,0.2200
2014-04-01,2014,4,0.2300
2014-05-01,2014,5,0.4800
2014-06-01,2014,6,0.4700
2014-07-01,2014,7,0.1700
2014-08-01,2014,8,0.2400
2014-09-01,2014,9,0.2600
2014-10-01,2014,10,0.1600
2014-11-01,2014,11,-0.3200
2014-12-01,2014,12,-0.1200
2015-01-01,2015,1,0.4300
2015-02-01,2015,2,0.4200
2015-03-01,2015,3,0.2300
2015-04-01,2015,4,0.3600
2015-05-01,2015,5,0.4600
2015-06-01,2015,6,0.3800
2015-07-01,2015,7,0.0700
2015-08-01,2015,8,-0.1100
2015-09-01,2015,9,-0.0400
2015-10-01,2015,10,0.2800
2015-11-01,2015,11,0.3700
2015-12-01,2015,12,0.7000
2016-01-01,2016,1,0.8100
2016-02-01,2016,2,0.5900
2016-03-01,2016,3,0.6000
2016-04-01,2016,4,0.3900
2016-05-01,2016,5,0.3500
2016-06-01,2016,6,0.6800
2016-07-01,2016,7,0.6300
2016-08-01,2016,8,0.5200
2016-09-01,2016,9,0.2600
2016-10-01,2016,10,0.4600
2016-11-01,2016,11,0.2800
2016-12-01,2016,12,0.6700
2017-01-01,2017,1,0.5800
2017-02-01,2017,2,0.0900
2017-03-01,2017,3,0.2900
2017-04-01,2017,4,0.4000
2017-05-01,2017,5,0.4700
2017-06-01,2017,6,0.5700
2017-07-01,2017,7,0.3500
2017-08-01,2017,8,0.5900
2017-09-01,2017,9,0.2700
2017-10-01,2017,10,0.4200
2017-11-01,2017,11,0.2000
2017-12-01,2017,12,0.1700
2018-01-01,2018,1,0.6200
2018-02-01,2018,2,-0.0100
2018-03-01,2018,3,0.1700
2018-04-01,2018,4,0.2800
2018-05-01,2018,5,0.2800
2018-06-01,2018,6,0.4600
2018-07-01,2018,7,0.3700
2018-08-01,2018,8,0.4100
2018-09-01,2018,9,0.3600
2018-10-01,2018,10,0.5300
2018-11-01,2018,11,0.3900
2018-12-01,2018,12,0.6600
2019-01-01,2019,1,0.7500
2019-02-01,2019,2,0.6800
2019-03-01,2019,3,1.0200
2019-04-01,2019,4,0.6500
2019-05-01,2019,5,0.6500
2019-06-01,2019,6,0.5800
2019-07-01,2019,7,0.5000
2019-08-01,2019,8,0.4100
2019-09-01,2019,9,0.4800
2019-10-01,2019,10,0.4700
2019-11-01,2019,11,1.0600
2019-12-01,2019,12,1.0700
2020-01-01,2020,1,1.2800
2020-02-01,2020,2,0.8400
2020-03-01,2020,3,0.6600
2020-04-01,2020,4,0.7200
2020-05-01,2020,5,0.8800
2020-06-01,2020,6,0.6000
2020-07-01,2020,7,0.5500
2020-08-01,2020,8,0.5000
2020-09-01,2020,9,0.2400
2020-10-01,2020,10,0.4000
2020-11-01,2020,11,0.1200
2020-12-01,2020,12,-0.1100
2021-01-01,2021,1,0.2100
2021-02-01,2021,2,-0.0600
2021-03-01,2021,3,0.1400
2021-04-01,2021,4,0.3700
2021-05-01,2021,5,0.7600
2021-06-01,2021,6,0.8900
2021-07-01,2021,7,1.1100
2021-08-01,2021,8,0.9200
2021-09-01,2021,9,0.5800
2021-10-01,2021,10,0.6500
2021-11-01,2021,11,0.5000
2021-12-01,2021,12,0.2600
2022-01-01,2022,1,0.4700
2022-02-01,2022,2,0.7300
2022-03-01,2022,3,0.5700
2022-04-01,2022,4,0.4600
2022-05-01,2022,5,0.3600
2022-06-01,2022,6,0.6100
2022-07-01,2022,7,0.3400
2022-08-01,2022,8,0.3800
2022-09-01,2022,9,0.3500
2022-10-01,2022,10,0.5200
2022-11-01,2022,11,0.5100
2022-12-01,2022,12,0.6000
2023-01-01,2023,1,0.8200
2023-02-01,2023,2,0.5500
2023-03-01,2023,3,0.4900
2023-04-01,2023,4,0.5000
2023-05-01,2023,5,0.7900
2023-06-01,2023,6,0.5700
2023-07-01,2023,7,0.5400
2023-08-01,2023,8,0.5000
2023-09-01,2023,9,0.4000
2023-10-01,2023,10,0.4100
2023-11-01,2023,11,0.9100
2023-12-01,2023,12,1.3100
2024-01-01,2024,1,1.3200
2024-02-01,2024,2,1.4100
2024-03-01,2024,3,1.6700
2024-04-01,2024,4,1.4100
2024-05-01,2024,5,1.1700
2024-06-01,2024,6,0.8500
2024-07-01,2024,7,0.5900
2024-08-01,2024,8,0.3900
2024-09-01,2024,9,0.4400
2024-10-01,2024,10,0.5100
2024-11-01,2024,11,0.4100
2024-12-01,2024,12,0.5700
2025-01-01,2025,1,0.6500
2025-02-01,2025,2,0.5900
2025-03-01,2025,3,0.4200
2025-04-01,2025,4,0.4200
2025-05-01,2025,5,0.5100
2025-06-01,2025,6,0.4200
2025-07-01,2025,7,0.3600
2025-08-01,2025,8,0.2700
2025-09-01,2025,9,0.2800
2025-10-01,2025,10,0.2300
2025-11-01,2025,11,0.2100
2025-12-01,2025,12,0.4400
